CREATE DATABASE  IF NOT EXISTS `mydbspring19section2_2` /*!40100 DEFAULT CHARACTER SET latin1 */;
USE `mydbspring19section2_2`;
-- MySQL dump 10.13  Distrib 5.7.17, for Win64 (x86_64)
--
-- Host: mscs-mysql.uwstout.edu    Database: mydbspring19section2_2
-- ------------------------------------------------------
-- Server version	5.1.39-community

/*!40101 SET @OLD_CHARACTER_SET_CLIENT=@@CHARACTER_SET_CLIENT */;
/*!40101 SET @OLD_CHARACTER_SET_RESULTS=@@CHARACTER_SET_RESULTS */;
/*!40101 SET @OLD_COLLATION_CONNECTION=@@COLLATION_CONNECTION */;
/*!40101 SET NAMES utf8 */;
/*!40103 SET @OLD_TIME_ZONE=@@TIME_ZONE */;
/*!40103 SET TIME_ZONE='+00:00' */;
/*!40014 SET @OLD_UNIQUE_CHECKS=@@UNIQUE_CHECKS, UNIQUE_CHECKS=0 */;
/*!40014 SET @OLD_FOREIGN_KEY_CHECKS=@@FOREIGN_KEY_CHECKS, FOREIGN_KEY_CHECKS=0 */;
/*!40101 SET @OLD_SQL_MODE=@@SQL_MODE, SQL_MODE='NO_AUTO_VALUE_ON_ZERO' */;
/*!40111 SET @OLD_SQL_NOTES=@@SQL_NOTES, SQL_NOTES=0 */;

--
-- Table structure for table `coach`
--

DROP TABLE IF EXISTS `coach`;
/*!40101 SET @saved_cs_client     = @@character_set_client */;
/*!40101 SET character_set_client = utf8 */;
CREATE TABLE `coach` (
  `ID` int(11) NOT NULL AUTO_INCREMENT,
  `FirstName` varchar(20) DEFAULT NULL,
  `LastName` varchar(20) DEFAULT NULL,
  PRIMARY KEY (`ID`)
) ENGINE=InnoDB AUTO_INCREMENT=1001 DEFAULT CHARSET=latin1;
/*!40101 SET character_set_client = @saved_cs_client */;

--
-- Dumping data for table `coach`
--

LOCK TABLES `coach` WRITE;
/*!40000 ALTER TABLE `coach` DISABLE KEYS */;
INSERT INTO `coach` VALUES (1,'Bordie','Lossman'),(2,'Harman','Taplow'),(3,'Kizzee','Mellings'),(4,'Morgen','Bittlestone'),(5,'Robinett','Herley'),(6,'Perle','Rouchy'),(7,'Jillane','Ringrose'),(8,'Dotti','Aldam'),(9,'Jessi','Shutt'),(10,'Pascal','Redish'),(11,'Chelsey','Bramich'),(12,'Sada','Stredder'),(13,'Estel','Bartolacci'),(14,'Doll','Davidovics'),(15,'Cecelia','Cleife'),(16,'Joy','Livett'),(17,'Blanche','Ridehalgh'),(18,'Tobe','Dencs'),(19,'Andrej','Gokes'),(20,'Nobe','Clayal'),(21,'Sibylle','Woolaston'),(22,'Harriott','Santostefano.'),(23,'Leonerd','Croxford'),(24,'Sauveur','Longthorn'),(25,'Coreen','Inskipp'),(26,'Bessy','Meharg'),(27,'Cirstoforo','Peffer'),(28,'Zaneta','Jeanel'),(29,'Winthrop','Valintine'),(30,'Gayle','Lohmeyer'),(31,'Roch','Mengo'),(32,'Codie','Arnoldi'),(33,'Andrea','Arkle'),(34,'Catrina','Kondratenko'),(35,'Ilaire','Rudledge'),(36,'Elizabet','Mowling'),(37,'Janene','McKelloch'),(38,'Vincents','Von Gladbach'),(39,'Bentlee','Anwell'),(40,'Bernie','Mullen'),(41,'Clara','Boyall'),(42,'Henrik','Jurasz'),(43,'Cathryn','Hucke'),(44,'Kennie','Ruffler'),(45,'Terrel','MacKaig'),(46,'Claus','Valentetti'),(47,'Candida','Herreros'),(48,'Amby','McPhail'),(49,'Adams','Furminger'),(50,'Alastair','Oxtaby'),(51,'Ninnette','Goutcher'),(52,'Audry','Stanwix'),(53,'Nicolina','Hacking'),(54,'Laverna','Scarborough'),(55,'Jessalin','Starbucke'),(56,'Kathie','Fenny'),(57,'Tucky','Athridge'),(58,'Steffie','Feaks'),(59,'Lawry','Haliburton'),(60,'Fan','Bambrugh'),(61,'Adriena','Darridon'),(62,'Prinz','Roscamps'),(63,'Kerry','Maleby'),(64,'Ede','McCrackan'),(65,'Phylys','Shambrooke'),(66,'Magdalena','Darlasson'),(67,'Katinka','Longmate'),(68,'Aileen','Blacket'),(69,'Lita','Gemlett'),(70,'Lavina','Balnaves'),(71,'Tiphany','Ply'),(72,'Eloisa','Garza'),(73,'Nerita','Burney'),(74,'Halette','Mabey'),(75,'Trix','Gasperi'),(76,'Germaine','Derrett'),(77,'Pascale','Biggar'),(78,'Anna','Benedicto'),(79,'Maggy','O\'Geneay'),(80,'Emmaline','Josilowski'),(81,'Carree','Metzing'),(82,'Jaynell','Elner'),(83,'Austina','Moakes'),(84,'Tallia','McGill'),(85,'Frasco','Cochet'),(86,'Kata','Thunderman'),(87,'Ben','Bool'),(88,'Hildagard','Russan'),(89,'Augustin','Abbotts'),(90,'Ulrikaumeko','Lenden'),(91,'Philippe','Pinock'),(92,'Ulrikaumeko','Wensley'),(93,'Mable','Sinnott'),(94,'Roddy','Attryde'),(95,'Vinny','Limeburner'),(96,'Teresita','Cary'),(97,'Dun','Rigeby'),(98,'Matteo','Hallahan'),(99,'Niel','Kellaway'),(100,'Marjie','Morit'),(101,'Luce','Stearley'),(102,'Art','Domleo'),(103,'Karly','Sickert'),(104,'Leigh','Gainsborough'),(105,'Joice','Wrack'),(106,'Augusta','Mount'),(107,'Gelya','Swigger'),(108,'Fran','Iczokvitz'),(109,'Whitby','Rosindill'),(110,'Lorelle','Ibert'),(111,'Brade','De Minico'),(112,'Stoddard','Hyett'),(113,'Dorey','Kay'),(114,'Lucie','Schorah'),(115,'Ernaline','Symmons'),(116,'Morey','Holde'),(117,'Harriet','Gold'),(118,'Thatcher','Attrill'),(119,'Edeline','Woodus'),(120,'Pieter','Schoolfield'),(121,'Orly','Fullerd'),(122,'Derby','Shorey'),(123,'Eadith','Downs'),(124,'Redford','Wisson'),(125,'Shane','Eburne'),(126,'Ava','Burgin'),(127,'Jaine','Cornau'),(128,'Oneida','Croke'),(129,'Isabelle','Fulk'),(130,'Barbe','Casaletto'),(131,'Alene','Gogerty'),(132,'Renato','Uccello'),(133,'Salome','O\'Corr'),(134,'Joelly','Quinane'),(135,'Jeremy','Mabee'),(136,'Bertrando','Henaughan'),(137,'Fayina','Pattle'),(138,'Giulio','De Mitri'),(139,'Colly','Pettican'),(140,'Vlad','Nolin'),(141,'Sonya','Gemmell'),(142,'Austen','Blague'),(143,'Packston','Haisell'),(144,'Ingram','Pringley'),(145,'Fitz','Kitchener'),(146,'Barry','Zorn'),(147,'Sammy','Labat'),(148,'Lorant','Gedge'),(149,'Konstantine','Blazewski'),(150,'Luigi','Dunniom'),(151,'Marchelle','Plaister'),(152,'Bernarr','Meuse'),(153,'Kellen','Stollenwerck'),(154,'Salim','Osband'),(155,'Glenn','Sarl'),(156,'Jolie','Trythall'),(157,'Giovanni','Kopisch'),(158,'Paul','O\'Fallone'),(159,'Thaxter','Sanson'),(160,'Broderick','Yeldon'),(161,'Brear','Eles'),(162,'Silvano','Bray'),(163,'Olivie','Mattek'),(164,'Aileen','Eslinger'),(165,'Mikol','Grumble'),(166,'Rivkah','Liffey'),(167,'Vivianna','Hourigan'),(168,'Lindsey','Andreou'),(169,'Claudianus','Willimont'),(170,'Stavro','Winder'),(171,'Ryun','Tarquinio'),(172,'Ingrim','Flint'),(173,'Antonia','Rheaume'),(174,'Katheryn','Heinish'),(175,'Dewitt','Rosgen'),(176,'Barbara-anne','Mannock'),(177,'Anabel','Senn'),(178,'Roxi','Dufaur'),(179,'Roosevelt','Borg'),(180,'Bryan','Blackbrough'),(181,'Horatio','Norridge'),(182,'Stella','Shilvock'),(183,'Kim','Gate'),(184,'Hayden','Bofield'),(185,'Ali','McClosh'),(186,'Shelly','Brittain'),(187,'Sven','Riccardini'),(188,'Roseanna','Renault'),(189,'Bent','Lewsam'),(190,'Ianthe','Longmire'),(191,'Starlin','Keilty'),(192,'Jamaal','Saulter'),(193,'Modesta','Mardlin'),(194,'Gerri','Plaunch'),(195,'Laurens','Thewlis'),(196,'Anne-marie','Melody'),(197,'Cortney','Gainsbury'),(198,'Franklin','Grooby'),(199,'Jacquetta','Badsworth'),(200,'Olenolin','Pinkerton'),(201,'Luis','Leyson'),(202,'Christie','Kennelly'),(203,'Minta','Ogley'),(204,'Loydie','Javes'),(205,'Stafford','Bolte'),(206,'Sean','Snasdell'),(207,'Robbert','Jakubski'),(208,'Cobbie','Velez'),(209,'Martyn','Kenningham'),(210,'Flossie','Woolerton'),(211,'Katine','Di Biagio'),(212,'Odelle','Iaduccelli'),(213,'Averil','Maffy'),(214,'Giordano','McGauhy'),(215,'Veronica','Pilgram'),(216,'Avis','Feron'),(217,'Jenny','McEniry'),(218,'Lucian','Haddleston'),(219,'Elaina','Antognoni'),(220,'Tasia','Ibotson'),(221,'Carlye','Jennrich'),(222,'Emmye','Gley'),(223,'Anabel','Alcalde'),(224,'Uta','Darwood'),(225,'Dorita','Monckton'),(226,'Leoine','Bourgaize'),(227,'Carney','Winspur'),(228,'Art','Yerrell'),(229,'Hastings','Stollmeyer'),(230,'Hagen','Klaggeman'),(231,'Nataline','Larcher'),(232,'Teddy','Mayne'),(233,'Jackelyn','Woodall'),(234,'Claybourne','Goford'),(235,'Dante','Coultar'),(236,'Christoffer','Gorse'),(237,'Barbie','Huggons'),(238,'Theobald','Bengtsson'),(239,'Angela','Govey'),(240,'Una','Jimeno'),(241,'Morgun','Balshaw'),(242,'Reinaldo','Bodman'),(243,'Rosina','Gemson'),(244,'Shani','Pauleit'),(245,'Robbyn','Fewell'),(246,'Clark','Storm'),(247,'Lutero','Smardon'),(248,'Basilius','Yesson'),(249,'Darelle','Hearley'),(250,'Angelika','Parmiter'),(251,'Worthington','Wimlett'),(252,'Aurelia','McCall'),(253,'Chaunce','Ramshay'),(254,'Christiana','Furmedge'),(255,'Sutton','Wimbridge'),(256,'Cornelius','Championnet'),(257,'Vonny','Bidewel'),(258,'Jabez','Frome'),(259,'Manny','Charlin'),(260,'Fernando','Bertomier'),(261,'Alexio','Craster'),(262,'Deane','Dorbon'),(263,'Ethan','Bewsy'),(264,'Pauletta','Burk'),(265,'Kanya','Dumper'),(266,'Luisa','Margrie'),(267,'Concettina','Ling'),(268,'Nick','Coleman'),(269,'Lemmy','McGlone'),(270,'Hasheem','Odams'),(271,'Andriette','Jerzyk'),(272,'Sarah','Scrancher'),(273,'Tony','Walenta'),(274,'Fallon','Askem'),(275,'Keely','Gaudon'),(276,'Abie','Gantlett'),(277,'Anya','Di Francecshi'),(278,'Merwin','Smooth'),(279,'Milo','Muzzini'),(280,'Blake','Maly'),(281,'Idelle','Clewarth'),(282,'Evelin','Figliovanni'),(283,'Rasia','Handscombe'),(284,'Guss','Yancey'),(285,'Ginni','Dundridge'),(286,'Theodosia','Poe'),(287,'Noel','Conaghy'),(288,'Kata','McCartan'),(289,'Stanford','MacIan'),(290,'Jessy','Spight'),(291,'Giffie','Peacocke'),(292,'Charlotta','Shevill'),(293,'Miran','MacBain'),(294,'Salomi','Taillard'),(295,'Obadiah','Buscombe'),(296,'Zedekiah','Perchard'),(297,'Even','Chezelle'),(298,'Piotr','Queen'),(299,'Daveen','Talby'),(300,'Faith','Tear'),(301,'Carolynn','Dober'),(302,'Homerus','Lisle'),(303,'Georgiana','Simpkiss'),(304,'Jud','Bocock'),(305,'Viviene','Dayne'),(306,'Amalie','Thompsett'),(307,'Sena','Moxson'),(308,'Vittorio','McGreil'),(309,'Laurens','Fowles'),(310,'Dwain','Somerbell'),(311,'Teodora','Richin'),(312,'Angelo','Stannislawski'),(313,'Noak','Dublin'),(314,'Alexa','Alman'),(315,'Arly','Dreelan'),(316,'Lorne','Harborow'),(317,'Rana','Grigoriscu'),(318,'Trev','Lathwood'),(319,'Kelly','Stollsteimer'),(320,'Johnnie','Limbourne'),(321,'Gayel','Kneaphsey'),(322,'Ludvig','Philipeaux'),(323,'Nan','O\'Fogarty'),(324,'Moyra','Macvey'),(325,'Benedikt','Leppo'),(326,'Aksel','Curtayne'),(327,'Chery','Butner'),(328,'Austine','Showalter'),(329,'Ingrim','Cullity'),(330,'Domini','McRobert'),(331,'Husain','Berthe'),(332,'Hieronymus','MacGiolla'),(333,'Tito','Pourvoieur'),(334,'Sybille','Raimbauld'),(335,'Jean','Dabes'),(336,'Penni','McKern'),(337,'Mabelle','Besantie'),(338,'Germaine','Powling'),(339,'Nissie','Scanlin'),(340,'Sindee','Picford'),(341,'Stacy','Croston'),(342,'Sallee','Paxman'),(343,'Ola','Hutcheons'),(344,'Binni','Malone'),(345,'Flora','Ledes'),(346,'Esta','Armal'),(347,'Bobinette','Klebes'),(348,'Becca','Ovesen'),(349,'Cynthea','McNirlan'),(350,'Amalie','Mound'),(351,'Titus','Athelstan'),(352,'Wade','Caws'),(353,'Gerta','Murney'),(354,'Matthiew','Suller'),(355,'Benoite','Billington'),(356,'Arie','Panton'),(357,'Dominick','Eliez'),(358,'Augustin','Vickerman'),(359,'Fenelia','Scrowston'),(360,'Pauletta','Brettoner'),(361,'Gibby','Boyland'),(362,'Mel','Sprull'),(363,'Son','Ogilvie'),(364,'Demetris','Humphery'),(365,'Lorin','Vamplew'),(366,'Jemie','Rosenberger'),(367,'Lancelot','Casaro'),(368,'Correy','Forcade'),(369,'Troy','Bulley'),(370,'Wadsworth','Grain'),(371,'Thorsten','Olczak'),(372,'Tristam','Schule'),(373,'Ciel','Smuth'),(374,'Daphene','Goodison'),(375,'Daveen','O\'Hickey'),(376,'Zeke','Steere'),(377,'Wilden','Utting'),(378,'Aurelie','Beefon'),(379,'Abba','Siderfin'),(380,'Dalis','Meagh'),(381,'Xenos','Pesek'),(382,'Curtice','Garretts'),(383,'Helyn','Cayley'),(384,'Leda','Orrell'),(385,'Dallas','Piletic'),(386,'Kris','Matantsev'),(387,'Davidde','Blaxeland'),(388,'April','Jacob'),(389,'Glynda','Stollsteiner'),(390,'Rianon','Jirusek'),(391,'Jory','Nassi'),(392,'Maribelle','Battisson'),(393,'Judye','Bool'),(394,'Imelda','Ditzel'),(395,'Kaiser','Moreman'),(396,'Filip','Cratchley'),(397,'Jacinta','Sawell'),(398,'Raquela','Westley'),(399,'Morgana','Prisley'),(400,'Mariya','Antonov'),(401,'Ellsworth','Cleveley'),(402,'Em','Janous'),(403,'Emmie','Heinrich'),(404,'Ardelis','Cornillot'),(405,'Casey','Szymanowski'),(406,'Gibbie','Cann'),(407,'Gordy','Caunt'),(408,'Hatty','Alltimes'),(409,'Davis','Fever'),(410,'Esmeralda','Tilly'),(411,'Dugald','Rehorek'),(412,'Latia','Bitterton'),(413,'Sheelagh','Penning'),(414,'Tyson','McMorland'),(415,'Jeremiah','Scholig'),(416,'Geneva','Neathway'),(417,'Kylila','Collum'),(418,'Reeta','Dumingos'),(419,'Brandi','Pozzi'),(420,'Birk','Morrall'),(421,'Bordy','MacGille'),(422,'Casi','Abrahamsohn'),(423,'Benny','See'),(424,'Britta','Edgington'),(425,'Ambros','Marin'),(426,'Yvette','Trigg'),(427,'Lori','Gorthy'),(428,'Christean','Yves'),(429,'Elfrieda','Axtonne'),(430,'Daisi','Quan'),(431,'Fergus','Bratty'),(432,'Franklyn','McEvon'),(433,'Dawna','Grivori'),(434,'Abdul','Kneath'),(435,'Thomasa','Condell'),(436,'Jilli','Duinkerk'),(437,'Fraze','Jevons'),(438,'Ronna','Latus'),(439,'Abelard','Lambal'),(440,'Jobina','Tadd'),(441,'Marley','Flisher'),(442,'Berna','Bradock'),(443,'Xerxes','Braley'),(444,'Shanna','Aldhouse'),(445,'Jaclin','Lis'),(446,'Joyous','Cordingley'),(447,'Marillin','Aspinall'),(448,'Carlye','Cairns'),(449,'Benita','Detheridge'),(450,'Alyce','Scourfield'),(451,'Arlyn','McNiff'),(452,'Lizzie','Baitman'),(453,'Dalston','Greensides'),(454,'Reeva','Stiddard'),(455,'Homer','Rapi'),(456,'Farley','Risson'),(457,'Ysabel','Talloe'),(458,'Mirella','Lydall'),(459,'Averil','Cavy'),(460,'Jesse','Tellenbroker'),(461,'Dena','Nannini'),(462,'Cassie','Ubsdell'),(463,'Mischa','Mulliner'),(464,'Wileen','Ephgrave'),(465,'Vonnie','Dickey'),(466,'Bowie','Pellamonuten'),(467,'Parsifal','Skaid'),(468,'Jamima','Alker'),(469,'Irv','Soldi'),(470,'Karoly','Pycock'),(471,'Pippo','Poltun'),(472,'Mart','Tams'),(473,'Dame','Oats'),(474,'Jerrie','Alves'),(475,'Conan','Robertshaw'),(476,'Meridel','Manolov'),(477,'Auberta','Martusov'),(478,'Carlee','Carneck'),(479,'Madella','Forde'),(480,'Marion','Weatherburn'),(481,'Yance','Westphal'),(482,'Lotti','McKinstry'),(483,'Olag','Alpine'),(484,'Enrika','Rathbone'),(485,'Micky','Lude'),(486,'Carree','Arendt'),(487,'Korney','Goulthorp'),(488,'Adelind','Bridgestock'),(489,'Alford','Valerius'),(490,'Ramon','Fontell'),(491,'Janos','Brewis'),(492,'Baldwin','Brockwell'),(493,'Baxter','Harrigan'),(494,'Adora','Dellenbach'),(495,'Harriette','Fucher'),(496,'Nathanael','Tourville'),(497,'Leanor','Gillott'),(498,'Rolph','Broomhead'),(499,'Doti','Najafian'),(500,'Sol','McCluney'),(501,'Lek','Spackman'),(502,'Noell','Konneke'),(503,'Gifford','Leasor'),(504,'Elsy','Kubiczek'),(505,'Bradney','Bartzen'),(506,'Fairfax','De Bruijn'),(507,'Pietro','Huitt'),(508,'Pandora','Francklyn'),(509,'Keeley','Filipyev'),(510,'Galven','Willshire'),(511,'Maximilian','Ovey'),(512,'Alberto','Sebastian'),(513,'Tan','Cejka'),(514,'Vilma','Chagg'),(515,'Terrijo','Matuszynski'),(516,'Vail','Cronkshaw'),(517,'Sammy','Fenton'),(518,'Corney','LLelweln'),(519,'Errick','Leverentz'),(520,'Janene','Rodriguez'),(521,'Abagael','Kingham'),(522,'Robin','Morena'),(523,'Orelle','Salkild'),(524,'Miriam','Ashard'),(525,'Arty','Teideman'),(526,'Kizzee','Goby'),(527,'Lucita','Mapplebeck'),(528,'Rowan','Klausen'),(529,'Guillaume','Bambrick'),(530,'Tabbie','Denys'),(531,'Clotilda','Eddison'),(532,'Arvie','Hussell'),(533,'Natassia','Smidmore'),(534,'Aluin','Trineman'),(535,'Johna','Lapish'),(536,'Geoff','Josuweit'),(537,'Granny','Farans'),(538,'Helena','Mougel'),(539,'Stephannie','Cheeseman'),(540,'Min','Peasegood'),(541,'Helenelizabeth','Sigfrid'),(542,'Cosetta','Ranby'),(543,'Norene','Wilcott'),(544,'Betteann','Bullingham'),(545,'Laney','Arter'),(546,'Goober','Anwell'),(547,'Norry','Ricciardiello'),(548,'Zebulen','Eicheler'),(549,'Mic','Hawler'),(550,'Ariel','McIlvaney'),(551,'Giacomo','Goddman'),(552,'Sergeant','Samwayes'),(553,'Ruddy','Beringer'),(554,'Bear','Maven'),(555,'Lexine','Mallam'),(556,'Packston','Kennicott'),(557,'Zaccaria','Ceaplen'),(558,'Georgianna','Perago'),(559,'Ferd','Pentelo'),(560,'Mildrid','Bramsom'),(561,'Florenza','Andrysiak'),(562,'Daffy','Knappe'),(563,'Jane','Scouler'),(564,'Ophelia','Lonie'),(565,'Abram','Mattingly'),(566,'Umberto','Grolle'),(567,'Berrie','Hattoe'),(568,'Rebekkah','McCane'),(569,'Fee','A\'field'),(570,'Rodney','Luckhurst'),(571,'Hilliary','Shama'),(572,'Silvano','Dalby'),(573,'Feodora','Bewley'),(574,'Laureen','D\'Alwis'),(575,'Bink','Cordle'),(576,'Abbe','Trewin'),(577,'Lonnie','Syalvester'),(578,'Aeriell','Farreil'),(579,'Jaymee','Gendrich'),(580,'Dermot','Reiach'),(581,'Cello','Carville'),(582,'Vinnie','Dockrill'),(583,'Ruben','Dockrill'),(584,'Genna','Minear'),(585,'Murielle','McAlarney'),(586,'Sybila','Deabill'),(587,'Lotti','Marns'),(588,'Karola','Gredden'),(589,'Heriberto','Werny'),(590,'Marie-jeanne','Forkan'),(591,'Reine','Fealey'),(592,'Broderic','Candish'),(593,'Francyne','Ferminger'),(594,'Aleece','Dow'),(595,'Hilliard','Sloss'),(596,'Quill','Elder'),(597,'Celie','Mutch'),(598,'Nial','Iacovides'),(599,'Devlen','Brisset'),(600,'Tildie','Vannuchi'),(601,'Dorette','Devonshire'),(602,'Clay','Aksell'),(603,'Brnaba','Stuttard'),(604,'Adella','Tebbit'),(605,'Reyna','Birkenshaw'),(606,'Guinna','Curreen'),(607,'Towny','Wibberley'),(608,'Aland','Windless'),(609,'Olag','Fosdyke'),(610,'Remus','Lukins'),(611,'Stanfield','Fugere'),(612,'Titus','Todd'),(613,'Marcel','Osmant'),(614,'Dunn','Bosher'),(615,'Tomkin','Gibard'),(616,'Aube','Kobieriecki'),(617,'Leonelle','Skellington'),(618,'Faina','Lambillion'),(619,'Fredek','Livesey'),(620,'Norah','Belhomme'),(621,'Darlleen','Alkins'),(622,'Fayina','Rosone'),(623,'Afton','Siuda'),(624,'Terza','Moffett'),(625,'Gerri','Weir'),(626,'Bria','Jagger'),(627,'Zaria','Oxbrough'),(628,'Delcina','Carus'),(629,'Julee','Stillgoe'),(630,'Pepita','Skouling'),(631,'Vinnie','Whitebrook'),(632,'Dalt','Sains'),(633,'Corney','Hellcat'),(634,'Rosaline','Sessions'),(635,'Hector','Howarth'),(636,'Barnett','MacDonnell'),(637,'Bayard','Moncaster'),(638,'Ray','Henricsson'),(639,'Prue','Phinn'),(640,'Sholom','Kennifick'),(641,'Koressa','Grieves'),(642,'Piper','Alford'),(643,'Ariel','Bilham'),(644,'Joyann','Gascard'),(645,'Tarrance','Bremner'),(646,'Torry','Plan'),(647,'Doti','Thieme'),(648,'Lucie','Dewitt'),(649,'Dewie','Andreuzzi'),(650,'Elicia','Harriskine'),(651,'Randie','Casarino'),(652,'Andrus','Eastwell'),(653,'Marti','Sheering'),(654,'Augy','Forlong'),(655,'Merissa','Crocetti'),(656,'Melodie','Hayton'),(657,'Ferrel','Roskelley'),(658,'Vanya','Worthing'),(659,'Ferdinand','Sharplin'),(660,'Darrin','Muncey'),(661,'Corrie','Medland'),(662,'Mordecai','Conkay'),(663,'Anastasie','Knoles'),(664,'Bernadette','Rand'),(665,'Gale','Trouncer'),(666,'Kendall','Pavlenko'),(667,'Geoffry','Bevens'),(668,'Jenny','Daine'),(669,'Wolfy','Thurlbourne'),(670,'Raymond','Fernando'),(671,'Lavinia','Jendas'),(672,'Niko','Ghost'),(673,'Malinda','Paulsson'),(674,'Thayne','Neggrini'),(675,'Christyna','Tolcharde'),(676,'Vito','Mabon'),(677,'Nicol','Walkinshaw'),(678,'Jaquenetta','Kordt'),(679,'Simone','Owbridge'),(680,'Haleigh','McKee'),(681,'Charleen','Gordon'),(682,'Georgette','Freeborne'),(683,'Annetta','Rembaud'),(684,'Winnifred','Ledgister'),(685,'Timoteo','Stabbins'),(686,'Gerta','Collerd'),(687,'Eustacia','Veal'),(688,'Sammy','Stefi'),(689,'Joete','McCreary'),(690,'Eben','Defrain'),(691,'Stephannie','Wickmann'),(692,'Dianne','Snoddon'),(693,'Saundra','Windle'),(694,'Micah','Cuolahan'),(695,'Constancy','Valero'),(696,'Clayborn','Redmore'),(697,'Standford','Mallett'),(698,'Alex','Maddick'),(699,'Jerry','Cathesyed'),(700,'Chrysler','Bradbeer'),(701,'Anissa','Waghorn'),(702,'Laurice','Winsbury'),(703,'Rubina','Lanphier'),(704,'Heddi','Slayton'),(705,'Kriste','Sharper'),(706,'Alric','Fearnyhough'),(707,'Kennan','Mace'),(708,'Culver','Pridham'),(709,'Bradney','Hanster'),(710,'Zach','Troppmann'),(711,'Beatrix','Avrahamof'),(712,'Gabey','O\'Dunniom'),(713,'Marcus','Extance'),(714,'Howard','Mockes'),(715,'Christiana','Drinkale'),(716,'Madelon','Snellman'),(717,'Rayshell','Twinborne'),(718,'Celeste','Gowthrop'),(719,'Orly','Houlston'),(720,'Eliza','Maulkin'),(721,'Gaston','Skea'),(722,'Charmine','Kettel'),(723,'Katya','Cleatherow'),(724,'Gweneth','O\'Noulane'),(725,'Zachery','Holah'),(726,'Con','Batchelar'),(727,'Norry','Ley'),(728,'Gavin','Kirman'),(729,'Bernadene','Bowne'),(730,'Doris','St Quenin'),(731,'Turner','Hehir'),(732,'Carey','Torbard'),(733,'Carlie','Greaser'),(734,'Normie','Thomsen'),(735,'Farlee','Lamburn'),(736,'Meredith','Rentenbeck'),(737,'Joannes','Formby'),(738,'Silvester','Meedendorpe'),(739,'Rick','Burgyn'),(740,'Filip','Ravenscroftt'),(741,'El','Gauford'),(742,'Opal','Groveham'),(743,'Wyn','Ackermann'),(744,'Kristel','Wittey'),(745,'Imojean','Casari'),(746,'Loren','Truckell'),(747,'Ulises','Chippindall'),(748,'Carey','Randales'),(749,'Etan','Noblet'),(750,'Aimil','Krysztofiak'),(751,'Berkeley','Sive'),(752,'Marcello','Frantzeni'),(753,'Merna','Brougham'),(754,'Ellen','Franzewitch'),(755,'Rosalynd','Element'),(756,'Desdemona','O\'Gormley'),(757,'Rodrick','Ivasechko'),(758,'Lonee','Pfeffer'),(759,'Dion','Pelling'),(760,'Jo','Lindroos'),(761,'Kendrick','McGooch'),(762,'Rolf','Deering'),(763,'Gabey','Lavell'),(764,'Kellby','McLice'),(765,'Maddy','Revance'),(766,'Sheila','Halshaw'),(767,'Netti','Lightwing'),(768,'Mina','Punch'),(769,'Amaleta','Nicolson'),(770,'Celka','Claussen'),(771,'Laura','Magog'),(772,'Quincy','Caines'),(773,'Adrea','Bennion'),(774,'Annabelle','Meneghi'),(775,'Faith','Beardshaw'),(776,'Annie','Schaumann'),(777,'Joey','Le Barr'),(778,'Christean','Ivanchin'),(779,'Rafferty','Lappin'),(780,'Waiter','Dinse'),(781,'Jocelin','Caughan'),(782,'Frederique','Blunsom'),(783,'Chelsea','Van Der Weedenburg'),(784,'Catlin','Coenraets'),(785,'Bank','Faulkener'),(786,'Sid','Goakes'),(787,'Ann','Griswaite'),(788,'Galvin','Sibbert'),(789,'Winny','Vesque'),(790,'Tadeo','Roux'),(791,'Fin','Gaven'),(792,'Libby','Lilloe'),(793,'Jacquenette','Maidstone'),(794,'Roanna','Gascoigne'),(795,'Seamus','Dunsmore'),(796,'Abramo','Micklewicz'),(797,'Loria','Wrixon'),(798,'Mavis','Marl'),(799,'Wenonah','Lowth'),(800,'Eugenia','Mabbot'),(801,'Phaedra','Pinwell'),(802,'Manya','Layton'),(803,'Carmita','Patemore'),(804,'Aurilia','De Cleen'),(805,'Madison','Craigie'),(806,'Fonzie','Hildrew'),(807,'Cullan','Volante'),(808,'Kippie','Dunkinson'),(809,'Isaak','Carlet'),(810,'Olivie','Fulle'),(811,'Thalia','Blakeway'),(812,'Sunny','Gilliatt'),(813,'Arabel','Guildford'),(814,'Caroline','Myring'),(815,'Tiffani','MacLaverty'),(816,'Myrna','Bernat'),(817,'Gaby','Jiricka'),(818,'Ermentrude','Phizakarley'),(819,'Gothart','Itzkovsky'),(820,'Marcos','Cristofori'),(821,'Karlis','Wace'),(822,'Rodi','Peealess'),(823,'Annabella','Lodden'),(824,'Domenico','Hurrell'),(825,'Kerwinn','Keeffe'),(826,'Buddie','Garces'),(827,'Dusty','Boam'),(828,'Leoline','Beale'),(829,'Angelique','Scardifield'),(830,'Rich','Nern'),(831,'Seana','Jackalin'),(832,'Waiter','Cherrington'),(833,'Andrus','Bontein'),(834,'Scotty','Giggie'),(835,'Danyelle','Hugli'),(836,'Jamison','Tulloch'),(837,'Gabriel','Birtchnell'),(838,'Modesty','Milland'),(839,'Maia','Ditch'),(840,'Robbert','Greenhalf'),(841,'Sharia','Vittery'),(842,'Teresita','Smythe'),(843,'Angeli','Melliard'),(844,'Blair','Mack'),(845,'Mauricio','Sansome'),(846,'Wilmer','Bourtoumieux'),(847,'Ainsley','Poinsett'),(848,'Justen','Snow'),(849,'Killian','Juris'),(850,'Lewie','Neller'),(851,'Waiter','Bend'),(852,'Darb','Aykroyd'),(853,'Krishnah','Whyte'),(854,'Lira','McCaighey'),(855,'Kinnie','Kennham'),(856,'Hanson','Shapiro'),(857,'Latisha','Fantone'),(858,'Moreen','Charnley'),(859,'Cassie','Brandassi'),(860,'Chicky','Addionizio'),(861,'Saxon','Donaher'),(862,'Herrick','South'),(863,'Wes','Ludlow'),(864,'Dew','Pembry'),(865,'Jamey','Kohtler'),(866,'Louis','Buckell'),(867,'Vannie','De Blase'),(868,'Vivie','Matis'),(869,'Emery','Adshed'),(870,'Page','Colliss'),(871,'Nadia','Dowthwaite'),(872,'Filmer','O\'Moylane'),(873,'Kaiser','Obell'),(874,'Gretel','Dutteridge'),(875,'Gay','O\'Riordan'),(876,'Carlos','Wiseman'),(877,'Iona','Yeldham'),(878,'Lenore','Ravenhill'),(879,'Camellia','Duckit'),(880,'Norma','Colyer'),(881,'Alejandrina','Lillo'),(882,'Esdras','Maplesden'),(883,'Wittie','Lucks'),(884,'Natal','Benediktsson'),(885,'Jerry','Bucham'),(886,'Hilly','Timmens'),(887,'Rahal','Pidler'),(888,'Nicky','Charity'),(889,'Delinda','Husband'),(890,'Amos','Mabbett'),(891,'Karrah','Holgan'),(892,'Lura','Fawke'),(893,'Shanna','Tumbridge'),(894,'Fallon','Whoolehan'),(895,'Bathsheba','Mattei'),(896,'Chaim','Jouen'),(897,'Wakefield','Pretsell'),(898,'Corilla','Eminson'),(899,'Lauree','Pitkins'),(900,'Rozalin','Bettis'),(901,'Gunar','Goff'),(902,'Micky','McCracken'),(903,'Mable','Lippo'),(904,'Nealon','McGrotty'),(905,'Clotilda','Cockroft'),(906,'Ogden','Wrench'),(907,'Madella','Deeks'),(908,'Daniela','Attersoll'),(909,'Evin','Diamant'),(910,'Selia','Buttrick'),(911,'Colan','Theyer'),(912,'Lawrence','Lailey'),(913,'Beverlee','Dockray'),(914,'Lona','Knewstubb'),(915,'Gustave','Johncey'),(916,'Bernardine','Brumpton'),(917,'Ariadne','Rosenauer'),(918,'Yehudit','Drewitt'),(919,'Englebert','Anker'),(920,'Aime','McGown'),(921,'Janine','Kettleson'),(922,'Karlie','Stein'),(923,'Caritta','Peggrem'),(924,'Prudence','Lancetter'),(925,'Lemmie','Lapslie'),(926,'Margi','Nolder'),(927,'Rozella','Weber'),(928,'Caitlin','O\'Neil'),(929,'Quill','Beckworth'),(930,'Wally','Meni'),(931,'Georgeanna','Maun'),(932,'Zebadiah','Greaves'),(933,'Vic','Darcey'),(934,'Nissie','Groundwator'),(935,'Frayda','Greatland'),(936,'Clarissa','Skipworth'),(937,'Myrah','McMarquis'),(938,'Eldin','Ennion'),(939,'Ana','Papaccio'),(940,'Daile','Sawden'),(941,'Henderson','Limeburn'),(942,'Raquela','Mardy'),(943,'Ozzie','Sueter'),(944,'Ellery','Fogden'),(945,'Thomasine','Kubatsch'),(946,'Frederica','Cicchitello'),(947,'Brooks','Touson'),(948,'Elena','Duffit'),(949,'Georgeanne','Shaxby'),(950,'Jennica','Bartel'),(951,'Caroljean','Cuvley'),(952,'Abey','Markson'),(953,'Cahra','Ahrend'),(954,'Hewe','Remer'),(955,'Heath','Mattersey'),(956,'Dina','Barth'),(957,'Dalli','MacDwyer'),(958,'Ive','Gramer'),(959,'Martie','Rosindill'),(960,'Verne','Medwell'),(961,'Keri','Schoenleiter'),(962,'Tripp','Silverstone'),(963,'Nichol','Cottisford'),(964,'Zebadiah','Wiszniewski'),(965,'Jephthah','Pinchbeck'),(966,'Alexandrina','Dasent'),(967,'Bernice','Spleving'),(968,'Corissa','Slarke'),(969,'Huberto','Kmieciak'),(970,'Minny','Lafayette'),(971,'Karlens','Bampton'),(972,'Hi','Joist'),(973,'Daryl','Duxbarry'),(974,'Nari','Budcock'),(975,'Brina','Khidr'),(976,'Edd','Scutchin'),(977,'Esme','Josselson'),(978,'Mei','Brunone'),(979,'Giuditta','Rude'),(980,'Pavlov','Bayman'),(981,'Kellia','Brigden'),(982,'Althea','Ambridge'),(983,'Sarena','O\'Hogertie'),(984,'Rube','Vela'),(985,'Billy','Scardifield'),(986,'Erv','Phillippo'),(987,'Keefe','Devlin'),(988,'Siusan','Dymock'),(989,'Man','Walmsley'),(990,'Rourke','Vockings'),(991,'Jamil','Bernhardt'),(992,'Alvie','Balazs'),(993,'Annemarie','Pentecost'),(994,'Leonard','Kennelly'),(995,'Etta','Wilmore'),(996,'Uta','Comi'),(997,'Aleece','Gawen'),(998,'Thibaud','Castaneda'),(999,'Flory','Bilbrey'),(1000,'Eduardo','Stirling');
/*!40000 ALTER TABLE `coach` ENABLE KEYS */;
UNLOCK TABLES;

--
-- Table structure for table `coachedby`
--

DROP TABLE IF EXISTS `coachedby`;
/*!40101 SET @saved_cs_client     = @@character_set_client */;
/*!40101 SET character_set_client = utf8 */;
CREATE TABLE `coachedby` (
  `CoachID` int(11) NOT NULL,
  `PlayerID` int(11) NOT NULL,
  PRIMARY KEY (`CoachID`,`PlayerID`),
  KEY `PlayerID` (`PlayerID`),
  CONSTRAINT `coachedby_ibfk_1` FOREIGN KEY (`CoachID`) REFERENCES `coach` (`ID`),
  CONSTRAINT `coachedby_ibfk_2` FOREIGN KEY (`PlayerID`) REFERENCES `player` (`ID`)
) ENGINE=InnoDB DEFAULT CHARSET=latin1;
/*!40101 SET character_set_client = @saved_cs_client */;

--
-- Dumping data for table `coachedby`
--

LOCK TABLES `coachedby` WRITE;
/*!40000 ALTER TABLE `coachedby` DISABLE KEYS */;
INSERT INTO `coachedby` VALUES (855,1),(69,2),(14,3),(292,4),(394,5),(887,6),(257,7),(35,8),(906,9),(775,10),(347,11),(930,12),(475,13),(864,14),(882,15),(611,16),(833,17),(237,18),(346,19),(195,20),(822,21),(804,22),(823,23),(230,24),(339,25),(681,26),(284,27),(116,28),(993,29),(6,30),(397,31),(732,32),(369,33),(459,34),(954,35),(229,36),(395,37),(711,38),(356,39),(170,40),(142,41),(402,42),(531,43),(468,44),(342,45),(962,46),(41,47),(560,48),(798,49),(739,50),(257,51),(773,52),(274,53),(469,54),(266,55),(200,56),(292,57),(409,58),(750,59),(472,60),(173,61),(897,62),(490,63),(309,64),(355,65),(221,66),(200,67),(920,68),(874,69),(516,70),(912,71),(602,72),(949,73),(9,74),(944,75),(353,76),(142,77),(876,78),(45,79),(213,80),(683,81),(747,82),(72,83),(70,84),(318,85),(594,86),(803,87),(941,88),(713,89),(349,90),(702,91),(649,92),(475,93),(426,94),(59,95),(252,96),(991,97),(947,98),(346,99),(911,100),(754,101),(712,102),(99,103),(334,104),(616,105),(735,106),(628,107),(821,108),(289,109),(500,110),(49,111),(424,112),(845,113),(96,114),(876,115),(884,116),(317,117),(307,118),(121,119),(636,120),(964,121),(911,122),(467,123),(832,124),(567,125),(666,126),(687,127),(795,128),(30,129),(874,130),(454,131),(242,132),(384,133),(55,134),(351,135),(842,136),(201,137),(671,138),(150,139),(508,140),(355,141),(243,142),(4,143),(658,144),(69,145),(471,146),(327,147),(159,148),(39,149),(839,150),(47,151),(571,152),(436,153),(561,154),(658,155),(73,156),(719,157),(509,158),(957,159),(188,160),(512,161),(997,162),(859,163),(665,164),(862,165),(550,166),(268,167),(713,168),(209,169),(363,170),(390,171),(676,172),(393,173),(558,174),(657,175),(998,176),(556,177),(779,178),(634,179),(571,180),(35,181),(243,182),(890,183),(727,184),(866,185),(83,186),(560,187),(434,188),(321,189),(359,190),(656,191),(91,192),(978,193),(732,194),(584,195),(146,196),(598,197),(213,198),(185,199),(44,200),(801,201),(972,202),(52,203),(405,204),(949,205),(737,206),(821,207),(550,208),(673,209),(394,210),(236,211),(997,212),(358,213),(510,214),(828,215),(282,216),(23,217),(907,218),(167,219),(398,220),(659,221),(409,222),(198,223),(705,224),(580,225),(438,226),(90,227),(679,228),(303,229),(291,230),(82,231),(951,232),(317,233),(291,234),(151,235),(848,236),(640,237),(340,238),(440,239),(206,240),(147,241),(776,242),(300,243),(704,244),(31,245),(352,246),(762,247),(478,248),(894,249),(239,250),(146,251),(300,252),(198,253),(687,254),(339,255),(733,256),(758,257),(472,258),(11,259),(142,260),(27,261),(789,262),(172,263),(327,264),(637,265),(535,266),(923,267),(69,268),(223,269),(980,270),(136,271),(69,272),(774,273),(347,274),(424,275),(28,276),(473,277),(113,278),(119,279),(888,280),(856,281),(49,282),(649,283),(258,284),(888,285),(509,286),(718,287),(586,288),(522,289),(478,290),(694,291),(467,292),(336,293),(761,294),(407,295),(714,296),(958,297),(59,298),(144,299),(315,300),(832,301),(598,302),(1,303),(806,304),(294,305),(224,306),(45,307),(597,308),(112,309),(875,310),(54,311),(433,312),(500,313),(259,314),(151,315),(502,316),(560,317),(292,318),(119,319),(334,320),(464,321),(335,322),(123,323),(801,324),(686,325),(71,326),(980,327),(156,328),(272,329),(695,330),(943,331),(731,332),(160,333),(167,334),(544,335),(54,336),(30,337),(458,338),(784,339),(440,340),(198,341),(632,342),(156,343),(238,344),(833,345),(660,346),(14,347),(446,348),(616,349),(53,350),(144,351),(103,352),(6,353),(513,354),(70,355),(827,356),(162,357),(315,358),(67,359),(550,360),(473,361),(825,362),(791,363),(266,364),(479,365),(238,366),(668,367),(621,368),(857,369),(285,370),(696,371),(612,372),(221,373),(510,374),(718,375),(139,376),(308,377),(120,378),(393,379),(814,380),(135,381),(343,382),(592,383),(95,384),(371,385),(486,386),(778,387),(141,388),(370,389),(114,390),(368,391),(348,392),(759,393),(358,394),(86,395),(408,396),(21,397),(401,398),(381,399),(598,400),(992,401),(135,402),(3,403),(101,404),(788,405),(915,406),(526,407),(112,408),(622,409),(510,410),(882,411),(820,412),(599,413),(933,414),(375,415),(537,416),(50,417),(478,418),(893,419),(495,420),(336,421),(917,422),(696,423),(636,424),(587,425),(264,426),(303,427),(260,428),(758,429),(373,430),(962,431),(287,432),(27,433),(971,434),(319,435),(957,436),(637,437),(53,438),(189,439),(481,440),(979,441),(118,442),(447,443),(532,444),(910,445),(949,446),(102,447),(208,448),(91,449),(279,450),(383,451),(897,452),(486,453),(258,454),(901,455),(903,456),(773,457),(745,458),(893,459),(662,460),(814,461),(526,462),(479,463),(675,464),(316,465),(710,466),(448,467),(540,468),(410,469),(83,470),(469,471),(606,472),(767,473),(30,474),(435,475),(238,476),(949,477),(357,478),(541,479),(226,480),(106,481),(903,482),(11,483),(25,484),(239,485),(608,486),(647,487),(158,488),(528,489),(235,490),(208,491),(628,492),(676,493),(177,494),(365,495),(307,496),(316,497),(661,498),(393,499),(770,500),(695,501),(722,502),(542,503),(199,504),(734,505),(766,506),(933,507),(851,508),(642,509),(373,510),(730,511),(932,512),(786,513),(127,514),(758,515),(145,516),(112,517),(722,518),(655,519),(537,520),(753,521),(597,522),(179,523),(411,524),(110,525),(4,526),(844,527),(290,528),(202,529),(141,530),(944,531),(945,532),(594,533),(14,534),(552,535),(210,536),(544,537),(595,538),(475,539),(143,540),(329,541),(125,542),(13,543),(13,544),(106,545),(640,546),(511,547),(724,548),(288,549),(518,550),(618,551),(487,552),(162,553),(193,554),(245,555),(666,556),(219,557),(324,558),(488,559),(791,560),(607,561),(157,562),(458,563),(93,564),(657,565),(898,566),(258,567),(611,568),(878,569),(532,570),(346,571),(266,572),(40,573),(660,574),(248,575),(15,576),(612,577),(44,578),(834,579),(645,580),(745,581),(816,582),(725,583),(177,584),(687,585),(785,586),(408,587),(317,588),(167,589),(926,590),(192,591),(136,592),(605,593),(791,594),(809,595),(834,596),(435,597),(843,598),(201,599),(213,600),(359,601),(695,602),(140,603),(484,604),(702,605),(765,606),(355,607),(185,608),(238,609),(796,610),(193,611),(477,612),(632,613),(993,614),(455,615),(272,616),(82,617),(105,618),(20,619),(245,620),(8,621),(238,622),(149,623),(126,624),(926,625),(802,626),(531,627),(211,628),(631,629),(602,630),(210,631),(40,632),(368,633),(356,634),(33,635),(458,636),(777,637),(196,638),(28,639),(806,640),(182,641),(313,642),(745,643),(217,644),(397,645),(455,646),(860,647),(808,648),(495,649),(815,650),(895,651),(833,652),(430,653),(90,654),(272,655),(721,656),(437,657),(44,658),(288,659),(166,660),(835,661),(627,662),(957,663),(712,664),(850,665),(368,666),(32,667),(532,668),(887,669),(297,670),(953,671),(983,672),(139,673),(13,674),(340,675),(796,676),(309,677),(889,678),(652,679),(34,680),(16,681),(193,682),(709,683),(35,684),(785,685),(199,686),(792,687),(664,688),(544,689),(932,690),(342,691),(557,692),(379,693),(614,694),(107,695),(818,696),(158,697),(481,698),(827,699),(656,700),(198,701),(789,702),(128,703),(400,704),(545,705),(710,706),(183,707),(601,708),(992,709),(718,710),(655,711),(22,712),(439,713),(939,714),(684,715),(820,716),(685,717),(512,718),(138,719),(483,720),(276,721),(728,722),(93,723),(748,724),(379,725),(181,726),(379,727),(766,728),(229,729),(585,730),(21,731),(370,732),(224,733),(776,734),(481,735),(903,736),(686,737),(264,738),(208,739),(832,740),(16,741),(499,742),(887,743),(504,744),(228,745),(573,746),(658,747),(979,748),(353,749),(874,750),(38,751),(147,752),(721,753),(272,754),(278,755),(460,756),(304,757),(248,758),(337,759),(987,760),(256,761),(446,762),(705,763),(977,764),(264,765),(18,766),(107,767),(269,768),(957,769),(977,770),(373,771),(189,772),(310,773),(803,774),(913,775),(973,776),(742,777),(511,778),(698,779),(415,780),(722,781),(730,782),(288,783),(390,784),(241,785),(67,786),(870,787),(887,788),(66,789),(78,790),(929,791),(990,792),(125,793),(675,794),(542,795),(611,796),(49,797),(885,798),(848,799),(68,800),(966,801),(752,802),(989,803),(386,804),(559,805),(444,806),(575,807),(232,808),(519,809),(18,810),(20,811),(700,812),(139,813),(37,814),(537,815),(839,816),(150,817),(184,818),(346,819),(200,820),(736,821),(857,822),(298,823),(822,824),(179,825),(369,826),(168,827),(859,828),(407,829),(435,830),(986,831),(757,832),(278,833),(613,834),(818,835),(391,836),(616,837),(786,838),(159,839),(950,840),(805,841),(737,842),(855,843),(716,844),(1000,845),(45,846),(512,847),(441,848),(828,849),(623,850),(585,851),(562,852),(347,853),(669,854),(623,855),(285,856),(407,857),(176,858),(503,859),(911,860),(856,861),(629,862),(757,863),(610,864),(11,865),(995,866),(747,867),(57,868),(624,869),(93,870),(196,871),(585,872),(682,873),(66,874),(10,875),(315,876),(724,877),(89,878),(816,879),(876,880),(122,881),(5,882),(900,883),(759,884),(495,885),(760,886),(64,887),(999,888),(911,889),(624,890),(377,891),(925,892),(204,893),(407,894),(835,895),(782,896),(821,897),(675,898),(182,899),(789,900),(418,901),(227,902),(190,903),(21,904),(371,905),(709,906),(245,907),(301,908),(924,909),(655,910),(531,911),(480,912),(610,913),(161,914),(353,915),(321,916),(457,917),(868,918),(460,919),(351,920),(600,921),(460,922),(387,923),(682,924),(369,925),(466,926),(712,927),(387,928),(130,929),(74,930),(717,931),(372,932),(10,933),(224,934),(683,935),(216,936),(108,937),(810,938),(921,939),(757,940),(671,941),(939,942),(416,943),(374,944),(799,945),(585,946),(548,947),(223,948),(137,949),(363,950),(33,951),(807,952),(914,953),(730,954),(148,955),(126,956),(40,957),(277,958),(827,959),(757,960),(1,961),(418,962),(43,963),(171,964),(583,965),(581,966),(394,967),(379,968),(644,969),(397,970),(990,971),(331,972),(592,973),(694,974),(801,975),(761,976),(612,977),(666,978),(70,979),(191,980),(719,981),(704,982),(79,983),(419,984),(313,985),(669,986),(643,987),(220,988),(285,989),(560,990),(16,991),(25,992),(745,993),(734,994),(905,995),(958,996),(487,997),(890,998),(509,999),(30,1000);
/*!40000 ALTER TABLE `coachedby` ENABLE KEYS */;
UNLOCK TABLES;

--
-- Table structure for table `coachedfor`
--

DROP TABLE IF EXISTS `coachedfor`;
/*!40101 SET @saved_cs_client     = @@character_set_client */;
/*!40101 SET character_set_client = utf8 */;
CREATE TABLE `coachedfor` (
  `CoachID` int(11) NOT NULL,
  `TeamName` varchar(35) NOT NULL,
  PRIMARY KEY (`CoachID`,`TeamName`),
  KEY `TeamName` (`TeamName`),
  CONSTRAINT `coachedfor_ibfk_1` FOREIGN KEY (`CoachID`) REFERENCES `coach` (`ID`),
  CONSTRAINT `coachedfor_ibfk_2` FOREIGN KEY (`TeamName`) REFERENCES `team` (`TeamName`)
) ENGINE=InnoDB DEFAULT CHARSET=latin1;
/*!40101 SET character_set_client = @saved_cs_client */;

--
-- Dumping data for table `coachedfor`
--

LOCK TABLES `coachedfor` WRITE;
/*!40000 ALTER TABLE `coachedfor` DISABLE KEYS */;
INSERT INTO `coachedfor` VALUES (3,'Avalanche'),(15,'Avalanche'),(43,'Avalanche'),(49,'Avalanche'),(84,'Avalanche'),(121,'Avalanche'),(144,'Avalanche'),(164,'Avalanche'),(195,'Avalanche'),(199,'Avalanche'),(213,'Avalanche'),(279,'Avalanche'),(297,'Avalanche'),(342,'Avalanche'),(358,'Avalanche'),(418,'Avalanche'),(422,'Avalanche'),(429,'Avalanche'),(436,'Avalanche'),(467,'Avalanche'),(511,'Avalanche'),(513,'Avalanche'),(519,'Avalanche'),(551,'Avalanche'),(554,'Avalanche'),(579,'Avalanche'),(659,'Avalanche'),(699,'Avalanche'),(742,'Avalanche'),(751,'Avalanche'),(754,'Avalanche'),(819,'Avalanche'),(858,'Avalanche'),(873,'Avalanche'),(910,'Avalanche'),(981,'Avalanche'),(9,'Blackhawks'),(20,'Blackhawks'),(21,'Blackhawks'),(42,'Blackhawks'),(63,'Blackhawks'),(132,'Blackhawks'),(147,'Blackhawks'),(158,'Blackhawks'),(163,'Blackhawks'),(193,'Blackhawks'),(231,'Blackhawks'),(268,'Blackhawks'),(283,'Blackhawks'),(324,'Blackhawks'),(338,'Blackhawks'),(347,'Blackhawks'),(350,'Blackhawks'),(365,'Blackhawks'),(376,'Blackhawks'),(387,'Blackhawks'),(388,'Blackhawks'),(398,'Blackhawks'),(489,'Blackhawks'),(492,'Blackhawks'),(506,'Blackhawks'),(515,'Blackhawks'),(619,'Blackhawks'),(718,'Blackhawks'),(735,'Blackhawks'),(792,'Blackhawks'),(824,'Blackhawks'),(832,'Blackhawks'),(840,'Blackhawks'),(852,'Blackhawks'),(4,'Blue Jackets'),(62,'Blue Jackets'),(133,'Blue Jackets'),(136,'Blue Jackets'),(173,'Blue Jackets'),(186,'Blue Jackets'),(194,'Blue Jackets'),(212,'Blue Jackets'),(217,'Blue Jackets'),(223,'Blue Jackets'),(248,'Blue Jackets'),(366,'Blue Jackets'),(390,'Blue Jackets'),(416,'Blue Jackets'),(417,'Blue Jackets'),(444,'Blue Jackets'),(490,'Blue Jackets'),(533,'Blue Jackets'),(658,'Blue Jackets'),(675,'Blue Jackets'),(736,'Blue Jackets'),(803,'Blue Jackets'),(827,'Blue Jackets'),(845,'Blue Jackets'),(864,'Blue Jackets'),(871,'Blue Jackets'),(908,'Blue Jackets'),(909,'Blue Jackets'),(929,'Blue Jackets'),(961,'Blue Jackets'),(972,'Blue Jackets'),(34,'Blues'),(66,'Blues'),(117,'Blues'),(123,'Blues'),(208,'Blues'),(255,'Blues'),(281,'Blues'),(315,'Blues'),(320,'Blues'),(339,'Blues'),(364,'Blues'),(396,'Blues'),(456,'Blues'),(463,'Blues'),(517,'Blues'),(606,'Blues'),(672,'Blues'),(686,'Blues'),(692,'Blues'),(707,'Blues'),(788,'Blues'),(829,'Blues'),(875,'Blues'),(895,'Blues'),(917,'Blues'),(938,'Blues'),(960,'Blues'),(970,'Blues'),(991,'Blues'),(997,'Blues'),(60,'Bruins'),(111,'Bruins'),(165,'Bruins'),(232,'Bruins'),(252,'Bruins'),(257,'Bruins'),(340,'Bruins'),(359,'Bruins'),(478,'Bruins'),(484,'Bruins'),(495,'Bruins'),(532,'Bruins'),(594,'Bruins'),(595,'Bruins'),(617,'Bruins'),(657,'Bruins'),(789,'Bruins'),(834,'Bruins'),(854,'Bruins'),(857,'Bruins'),(904,'Bruins'),(939,'Bruins'),(944,'Bruins'),(956,'Bruins'),(974,'Bruins'),(25,'Canadiens'),(26,'Canadiens'),(47,'Canadiens'),(85,'Canadiens'),(109,'Canadiens'),(129,'Canadiens'),(192,'Canadiens'),(202,'Canadiens'),(310,'Canadiens'),(382,'Canadiens'),(404,'Canadiens'),(419,'Canadiens'),(434,'Canadiens'),(437,'Canadiens'),(442,'Canadiens'),(453,'Canadiens'),(476,'Canadiens'),(502,'Canadiens'),(528,'Canadiens'),(571,'Canadiens'),(591,'Canadiens'),(602,'Canadiens'),(637,'Canadiens'),(706,'Canadiens'),(739,'Canadiens'),(822,'Canadiens'),(831,'Canadiens'),(844,'Canadiens'),(889,'Canadiens'),(897,'Canadiens'),(903,'Canadiens'),(948,'Canadiens'),(964,'Canadiens'),(965,'Canadiens'),(50,'Canucks'),(106,'Canucks'),(142,'Canucks'),(146,'Canucks'),(209,'Canucks'),(273,'Canucks'),(275,'Canucks'),(286,'Canucks'),(464,'Canucks'),(466,'Canucks'),(498,'Canucks'),(520,'Canucks'),(527,'Canucks'),(639,'Canucks'),(726,'Canucks'),(769,'Canucks'),(774,'Canucks'),(796,'Canucks'),(849,'Canucks'),(861,'Canucks'),(887,'Canucks'),(898,'Canucks'),(913,'Canucks'),(954,'Canucks'),(1000,'Canucks'),(6,'Capitals'),(19,'Capitals'),(37,'Capitals'),(54,'Capitals'),(88,'Capitals'),(101,'Capitals'),(113,'Capitals'),(114,'Capitals'),(124,'Capitals'),(215,'Capitals'),(292,'Capitals'),(304,'Capitals'),(313,'Capitals'),(336,'Capitals'),(360,'Capitals'),(383,'Capitals'),(427,'Capitals'),(452,'Capitals'),(505,'Capitals'),(550,'Capitals'),(570,'Capitals'),(684,'Capitals'),(695,'Capitals'),(747,'Capitals'),(765,'Capitals'),(785,'Capitals'),(863,'Capitals'),(893,'Capitals'),(977,'Capitals'),(995,'Capitals'),(35,'Coyotes'),(67,'Coyotes'),(79,'Coyotes'),(83,'Coyotes'),(89,'Coyotes'),(96,'Coyotes'),(100,'Coyotes'),(104,'Coyotes'),(277,'Coyotes'),(327,'Coyotes'),(335,'Coyotes'),(344,'Coyotes'),(351,'Coyotes'),(369,'Coyotes'),(415,'Coyotes'),(445,'Coyotes'),(481,'Coyotes'),(497,'Coyotes'),(518,'Coyotes'),(534,'Coyotes'),(585,'Coyotes'),(654,'Coyotes'),(674,'Coyotes'),(713,'Coyotes'),(717,'Coyotes'),(719,'Coyotes'),(746,'Coyotes'),(755,'Coyotes'),(820,'Coyotes'),(825,'Coyotes'),(842,'Coyotes'),(877,'Coyotes'),(879,'Coyotes'),(915,'Coyotes'),(998,'Coyotes'),(74,'Devils'),(81,'Devils'),(110,'Devils'),(119,'Devils'),(149,'Devils'),(187,'Devils'),(225,'Devils'),(256,'Devils'),(278,'Devils'),(299,'Devils'),(314,'Devils'),(317,'Devils'),(394,'Devils'),(400,'Devils'),(430,'Devils'),(471,'Devils'),(487,'Devils'),(503,'Devils'),(546,'Devils'),(573,'Devils'),(574,'Devils'),(620,'Devils'),(636,'Devils'),(647,'Devils'),(653,'Devils'),(693,'Devils'),(728,'Devils'),(768,'Devils'),(779,'Devils'),(815,'Devils'),(843,'Devils'),(882,'Devils'),(937,'Devils'),(941,'Devils'),(945,'Devils'),(988,'Devils'),(69,'Ducks'),(71,'Ducks'),(78,'Ducks'),(118,'Ducks'),(184,'Ducks'),(185,'Ducks'),(206,'Ducks'),(244,'Ducks'),(271,'Ducks'),(280,'Ducks'),(410,'Ducks'),(424,'Ducks'),(439,'Ducks'),(455,'Ducks'),(457,'Ducks'),(465,'Ducks'),(469,'Ducks'),(480,'Ducks'),(516,'Ducks'),(552,'Ducks'),(568,'Ducks'),(590,'Ducks'),(612,'Ducks'),(614,'Ducks'),(634,'Ducks'),(649,'Ducks'),(673,'Ducks'),(676,'Ducks'),(690,'Ducks'),(874,'Ducks'),(880,'Ducks'),(902,'Ducks'),(920,'Ducks'),(16,'Flames'),(17,'Flames'),(32,'Flames'),(55,'Flames'),(93,'Flames'),(135,'Flames'),(151,'Flames'),(216,'Flames'),(226,'Flames'),(266,'Flames'),(269,'Flames'),(321,'Flames'),(333,'Flames'),(337,'Flames'),(406,'Flames'),(408,'Flames'),(411,'Flames'),(423,'Flames'),(450,'Flames'),(459,'Flames'),(491,'Flames'),(524,'Flames'),(608,'Flames'),(628,'Flames'),(738,'Flames'),(763,'Flames'),(810,'Flames'),(823,'Flames'),(860,'Flames'),(870,'Flames'),(922,'Flames'),(946,'Flames'),(982,'Flames'),(22,'Flyers'),(24,'Flyers'),(46,'Flyers'),(95,'Flyers'),(134,'Flyers'),(152,'Flyers'),(155,'Flyers'),(180,'Flyers'),(258,'Flyers'),(290,'Flyers'),(329,'Flyers'),(367,'Flyers'),(374,'Flyers'),(380,'Flyers'),(402,'Flyers'),(446,'Flyers'),(460,'Flyers'),(521,'Flyers'),(535,'Flyers'),(598,'Flyers'),(720,'Flyers'),(730,'Flyers'),(781,'Flyers'),(787,'Flyers'),(794,'Flyers'),(807,'Flyers'),(830,'Flyers'),(847,'Flyers'),(869,'Flyers'),(881,'Flyers'),(936,'Flyers'),(967,'Flyers'),(969,'Flyers'),(58,'Golden Nights'),(92,'Golden Nights'),(105,'Golden Nights'),(154,'Golden Nights'),(160,'Golden Nights'),(198,'Golden Nights'),(210,'Golden Nights'),(228,'Golden Nights'),(322,'Golden Nights'),(389,'Golden Nights'),(401,'Golden Nights'),(421,'Golden Nights'),(431,'Golden Nights'),(470,'Golden Nights'),(501,'Golden Nights'),(548,'Golden Nights'),(549,'Golden Nights'),(593,'Golden Nights'),(611,'Golden Nights'),(615,'Golden Nights'),(680,'Golden Nights'),(687,'Golden Nights'),(709,'Golden Nights'),(760,'Golden Nights'),(790,'Golden Nights'),(801,'Golden Nights'),(826,'Golden Nights'),(912,'Golden Nights'),(921,'Golden Nights'),(993,'Golden Nights'),(107,'Hurricanes'),(148,'Hurricanes'),(153,'Hurricanes'),(188,'Hurricanes'),(201,'Hurricanes'),(204,'Hurricanes'),(222,'Hurricanes'),(229,'Hurricanes'),(247,'Hurricanes'),(260,'Hurricanes'),(261,'Hurricanes'),(265,'Hurricanes'),(368,'Hurricanes'),(378,'Hurricanes'),(384,'Hurricanes'),(386,'Hurricanes'),(399,'Hurricanes'),(425,'Hurricanes'),(458,'Hurricanes'),(475,'Hurricanes'),(477,'Hurricanes'),(536,'Hurricanes'),(565,'Hurricanes'),(581,'Hurricanes'),(597,'Hurricanes'),(601,'Hurricanes'),(643,'Hurricanes'),(664,'Hurricanes'),(671,'Hurricanes'),(677,'Hurricanes'),(683,'Hurricanes'),(696,'Hurricanes'),(705,'Hurricanes'),(710,'Hurricanes'),(711,'Hurricanes'),(716,'Hurricanes'),(731,'Hurricanes'),(740,'Hurricanes'),(745,'Hurricanes'),(776,'Hurricanes'),(814,'Hurricanes'),(848,'Hurricanes'),(888,'Hurricanes'),(962,'Hurricanes'),(979,'Hurricanes'),(984,'Hurricanes'),(31,'Islanders'),(38,'Islanders'),(45,'Islanders'),(56,'Islanders'),(57,'Islanders'),(112,'Islanders'),(167,'Islanders'),(296,'Islanders'),(355,'Islanders'),(407,'Islanders'),(432,'Islanders'),(485,'Islanders'),(510,'Islanders'),(512,'Islanders'),(531,'Islanders'),(566,'Islanders'),(584,'Islanders'),(599,'Islanders'),(605,'Islanders'),(624,'Islanders'),(625,'Islanders'),(629,'Islanders'),(632,'Islanders'),(665,'Islanders'),(666,'Islanders'),(729,'Islanders'),(783,'Islanders'),(811,'Islanders'),(817,'Islanders'),(838,'Islanders'),(933,'Islanders'),(950,'Islanders'),(985,'Islanders'),(1,'Jets'),(41,'Jets'),(52,'Jets'),(139,'Jets'),(238,'Jets'),(294,'Jets'),(318,'Jets'),(343,'Jets'),(362,'Jets'),(370,'Jets'),(441,'Jets'),(556,'Jets'),(631,'Jets'),(638,'Jets'),(648,'Jets'),(688,'Jets'),(700,'Jets'),(772,'Jets'),(793,'Jets'),(932,'Jets'),(942,'Jets'),(28,'Kings'),(103,'Kings'),(108,'Kings'),(156,'Kings'),(166,'Kings'),(176,'Kings'),(207,'Kings'),(224,'Kings'),(242,'Kings'),(282,'Kings'),(301,'Kings'),(381,'Kings'),(420,'Kings'),(435,'Kings'),(483,'Kings'),(493,'Kings'),(522,'Kings'),(544,'Kings'),(613,'Kings'),(704,'Kings'),(756,'Kings'),(761,'Kings'),(764,'Kings'),(770,'Kings'),(771,'Kings'),(812,'Kings'),(818,'Kings'),(851,'Kings'),(924,'Kings'),(931,'Kings'),(951,'Kings'),(976,'Kings'),(983,'Kings'),(999,'Kings'),(48,'Lightning'),(86,'Lightning'),(90,'Lightning'),(94,'Lightning'),(97,'Lightning'),(150,'Lightning'),(183,'Lightning'),(262,'Lightning'),(284,'Lightning'),(372,'Lightning'),(449,'Lightning'),(557,'Lightning'),(627,'Lightning'),(655,'Lightning'),(663,'Lightning'),(679,'Lightning'),(712,'Lightning'),(722,'Lightning'),(723,'Lightning'),(733,'Lightning'),(753,'Lightning'),(759,'Lightning'),(862,'Lightning'),(905,'Lightning'),(966,'Lightning'),(975,'Lightning'),(64,'Maple Leafs'),(75,'Maple Leafs'),(76,'Maple Leafs'),(99,'Maple Leafs'),(126,'Maple Leafs'),(141,'Maple Leafs'),(214,'Maple Leafs'),(219,'Maple Leafs'),(234,'Maple Leafs'),(259,'Maple Leafs'),(288,'Maple Leafs'),(379,'Maple Leafs'),(409,'Maple Leafs'),(414,'Maple Leafs'),(440,'Maple Leafs'),(443,'Maple Leafs'),(474,'Maple Leafs'),(500,'Maple Leafs'),(542,'Maple Leafs'),(543,'Maple Leafs'),(559,'Maple Leafs'),(576,'Maple Leafs'),(610,'Maple Leafs'),(633,'Maple Leafs'),(661,'Maple Leafs'),(698,'Maple Leafs'),(703,'Maple Leafs'),(732,'Maple Leafs'),(855,'Maple Leafs'),(907,'Maple Leafs'),(918,'Maple Leafs'),(955,'Maple Leafs'),(7,'Oilers'),(11,'Oilers'),(13,'Oilers'),(61,'Oilers'),(73,'Oilers'),(120,'Oilers'),(168,'Oilers'),(172,'Oilers'),(174,'Oilers'),(177,'Oilers'),(181,'Oilers'),(249,'Oilers'),(250,'Oilers'),(251,'Oilers'),(287,'Oilers'),(291,'Oilers'),(295,'Oilers'),(300,'Oilers'),(323,'Oilers'),(361,'Oilers'),(391,'Oilers'),(392,'Oilers'),(504,'Oilers'),(509,'Oilers'),(553,'Oilers'),(563,'Oilers'),(567,'Oilers'),(586,'Oilers'),(640,'Oilers'),(685,'Oilers'),(724,'Oilers'),(725,'Oilers'),(750,'Oilers'),(777,'Oilers'),(780,'Oilers'),(800,'Oilers'),(809,'Oilers'),(836,'Oilers'),(859,'Oilers'),(900,'Oilers'),(911,'Oilers'),(928,'Oilers'),(940,'Oilers'),(949,'Oilers'),(2,'Panthers'),(115,'Panthers'),(138,'Panthers'),(161,'Panthers'),(171,'Panthers'),(175,'Panthers'),(203,'Panthers'),(233,'Panthers'),(298,'Panthers'),(309,'Panthers'),(346,'Panthers'),(413,'Panthers'),(461,'Panthers'),(468,'Panthers'),(488,'Panthers'),(555,'Panthers'),(577,'Panthers'),(582,'Panthers'),(589,'Panthers'),(596,'Panthers'),(604,'Panthers'),(607,'Panthers'),(609,'Panthers'),(630,'Panthers'),(708,'Panthers'),(758,'Panthers'),(775,'Panthers'),(782,'Panthers'),(784,'Panthers'),(802,'Panthers'),(806,'Panthers'),(821,'Panthers'),(876,'Panthers'),(885,'Panthers'),(892,'Panthers'),(919,'Panthers'),(957,'Panthers'),(980,'Panthers'),(53,'Penguins'),(65,'Penguins'),(82,'Penguins'),(122,'Penguins'),(157,'Penguins'),(182,'Penguins'),(189,'Penguins'),(191,'Penguins'),(200,'Penguins'),(211,'Penguins'),(218,'Penguins'),(230,'Penguins'),(236,'Penguins'),(263,'Penguins'),(307,'Penguins'),(316,'Penguins'),(328,'Penguins'),(352,'Penguins'),(375,'Penguins'),(397,'Penguins'),(412,'Penguins'),(451,'Penguins'),(514,'Penguins'),(558,'Penguins'),(618,'Penguins'),(622,'Penguins'),(641,'Penguins'),(656,'Penguins'),(662,'Penguins'),(691,'Penguins'),(734,'Penguins'),(748,'Penguins'),(757,'Penguins'),(778,'Penguins'),(835,'Penguins'),(884,'Penguins'),(916,'Penguins'),(943,'Penguins'),(947,'Penguins'),(968,'Penguins'),(973,'Penguins'),(10,'Predators'),(27,'Predators'),(39,'Predators'),(51,'Predators'),(59,'Predators'),(68,'Predators'),(77,'Predators'),(179,'Predators'),(196,'Predators'),(235,'Predators'),(245,'Predators'),(274,'Predators'),(276,'Predators'),(289,'Predators'),(345,'Predators'),(356,'Predators'),(393,'Predators'),(447,'Predators'),(473,'Predators'),(486,'Predators'),(526,'Predators'),(539,'Predators'),(540,'Predators'),(644,'Predators'),(650,'Predators'),(678,'Predators'),(767,'Predators'),(805,'Predators'),(846,'Predators'),(896,'Predators'),(899,'Predators'),(959,'Predators'),(987,'Predators'),(98,'Rangers'),(127,'Rangers'),(162,'Rangers'),(190,'Rangers'),(227,'Rangers'),(264,'Rangers'),(293,'Rangers'),(331,'Rangers'),(438,'Rangers'),(507,'Rangers'),(529,'Rangers'),(545,'Rangers'),(588,'Rangers'),(645,'Rangers'),(681,'Rangers'),(721,'Rangers'),(744,'Rangers'),(786,'Rangers'),(798,'Rangers'),(833,'Rangers'),(867,'Rangers'),(914,'Rangers'),(40,'Red Wings'),(102,'Red Wings'),(178,'Red Wings'),(240,'Red Wings'),(325,'Red Wings'),(373,'Red Wings'),(395,'Red Wings'),(433,'Red Wings'),(537,'Red Wings'),(560,'Red Wings'),(603,'Red Wings'),(701,'Red Wings'),(752,'Red Wings'),(837,'Red Wings'),(853,'Red Wings'),(886,'Red Wings'),(923,'Red Wings'),(925,'Red Wings'),(989,'Red Wings'),(131,'Sabres'),(170,'Sabres'),(205,'Sabres'),(237,'Sabres'),(253,'Sabres'),(303,'Sabres'),(305,'Sabres'),(306,'Sabres'),(308,'Sabres'),(319,'Sabres'),(330,'Sabres'),(348,'Sabres'),(354,'Sabres'),(357,'Sabres'),(363,'Sabres'),(371,'Sabres'),(385,'Sabres'),(482,'Sabres'),(496,'Sabres'),(523,'Sabres'),(530,'Sabres'),(564,'Sabres'),(575,'Sabres'),(592,'Sabres'),(621,'Sabres'),(623,'Sabres'),(652,'Sabres'),(741,'Sabres'),(766,'Sabres'),(841,'Sabres'),(878,'Sabres'),(906,'Sabres'),(953,'Sabres'),(36,'Senators'),(44,'Senators'),(70,'Senators'),(80,'Senators'),(130,'Senators'),(137,'Senators'),(243,'Senators'),(246,'Senators'),(254,'Senators'),(270,'Senators'),(285,'Senators'),(353,'Senators'),(405,'Senators'),(472,'Senators'),(562,'Senators'),(600,'Senators'),(616,'Senators'),(646,'Senators'),(651,'Senators'),(660,'Senators'),(669,'Senators'),(682,'Senators'),(702,'Senators'),(714,'Senators'),(715,'Senators'),(743,'Senators'),(749,'Senators'),(795,'Senators'),(804,'Senators'),(839,'Senators'),(856,'Senators'),(866,'Senators'),(872,'Senators'),(901,'Senators'),(926,'Senators'),(935,'Senators'),(971,'Senators'),(978,'Senators'),(996,'Senators'),(5,'Sharks'),(12,'Sharks'),(91,'Sharks'),(128,'Sharks'),(143,'Sharks'),(169,'Sharks'),(221,'Sharks'),(272,'Sharks'),(311,'Sharks'),(332,'Sharks'),(341,'Sharks'),(349,'Sharks'),(454,'Sharks'),(494,'Sharks'),(499,'Sharks'),(569,'Sharks'),(578,'Sharks'),(583,'Sharks'),(587,'Sharks'),(642,'Sharks'),(670,'Sharks'),(694,'Sharks'),(697,'Sharks'),(737,'Sharks'),(791,'Sharks'),(816,'Sharks'),(865,'Sharks'),(890,'Sharks'),(894,'Sharks'),(927,'Sharks'),(963,'Sharks'),(986,'Sharks'),(992,'Sharks'),(30,'Stars'),(72,'Stars'),(87,'Stars'),(116,'Stars'),(145,'Stars'),(159,'Stars'),(220,'Stars'),(241,'Stars'),(267,'Stars'),(302,'Stars'),(334,'Stars'),(428,'Stars'),(448,'Stars'),(479,'Stars'),(525,'Stars'),(541,'Stars'),(547,'Stars'),(626,'Stars'),(635,'Stars'),(667,'Stars'),(668,'Stars'),(689,'Stars'),(727,'Stars'),(773,'Stars'),(797,'Stars'),(828,'Stars'),(868,'Stars'),(883,'Stars'),(891,'Stars'),(934,'Stars'),(952,'Stars'),(958,'Stars'),(8,'Wild'),(14,'Wild'),(18,'Wild'),(23,'Wild'),(29,'Wild'),(33,'Wild'),(125,'Wild'),(140,'Wild'),(197,'Wild'),(239,'Wild'),(312,'Wild'),(326,'Wild'),(377,'Wild'),(403,'Wild'),(426,'Wild'),(462,'Wild'),(508,'Wild'),(538,'Wild'),(561,'Wild'),(572,'Wild'),(580,'Wild'),(762,'Wild'),(799,'Wild'),(808,'Wild'),(813,'Wild'),(850,'Wild'),(930,'Wild'),(990,'Wild'),(994,'Wild');
/*!40000 ALTER TABLE `coachedfor` ENABLE KEYS */;
UNLOCK TABLES;

--
-- Temporary view structure for view `highwingoalies`
--

DROP TABLE IF EXISTS `highwingoalies`;
/*!50001 DROP VIEW IF EXISTS `highwingoalies`*/;
SET @saved_cs_client     = @@character_set_client;
SET character_set_client = utf8;
/*!50001 CREATE VIEW `highwingoalies` AS SELECT 
 1 AS `FirstName`,
 1 AS `LastName`,
 1 AS `Wins`*/;
SET character_set_client = @saved_cs_client;

--
-- Table structure for table `playedfor`
--

DROP TABLE IF EXISTS `playedfor`;
/*!40101 SET @saved_cs_client     = @@character_set_client */;
/*!40101 SET character_set_client = utf8 */;
CREATE TABLE `playedfor` (
  `TeamName` varchar(35) NOT NULL,
  `PlayerID` int(11) NOT NULL,
  PRIMARY KEY (`TeamName`,`PlayerID`),
  KEY `PlayerID` (`PlayerID`),
  CONSTRAINT `playedfor_ibfk_1` FOREIGN KEY (`TeamName`) REFERENCES `team` (`TeamName`),
  CONSTRAINT `playedfor_ibfk_2` FOREIGN KEY (`PlayerID`) REFERENCES `player` (`ID`)
) ENGINE=InnoDB DEFAULT CHARSET=latin1;
/*!40101 SET character_set_client = @saved_cs_client */;

--
-- Dumping data for table `playedfor`
--

LOCK TABLES `playedfor` WRITE;
/*!40000 ALTER TABLE `playedfor` DISABLE KEYS */;
INSERT INTO `playedfor` VALUES ('Wild',1),('Wild',2),('Wild',3),('Wild',4),('Maple Leafs',5),('Flames',6),('Panthers',7),('Flyers',8),('Jets',9),('Avalanche',10),('Wild',11),('Oilers',12),('Kings',13),('Hurricanes',14),('Flames',15),('Blue Jackets',16),('Stars',17),('Lightning',18),('Wild',19),('Jets',20),('Flyers',21),('Sabres',22),('Stars',23),('Maple Leafs',24),('Islanders',25),('Hurricanes',26),('Red Wings',27),('Penguins',28),('Wild',29),('Wild',30),('Canadiens',31),('Stars',32),('Lightning',33),('Oilers',34),('Blue Jackets',35),('Flyers',36),('Maple Leafs',37),('Senators',38),('Capitals',39),('Blues',40),('Coyotes',41),('Canadiens',42),('Wild',43),('Blue Jackets',44),('Blackhawks',45),('Islanders',46),('Devils',47),('Wild',48),('Islanders',49),('Avalanche',50),('Islanders',51),('Hurricanes',52),('Avalanche',53),('Stars',54),('Wild',55),('Stars',56),('Avalanche',57),('Maple Leafs',58),('Penguins',59),('Predators',60),('Maple Leafs',61),('Blackhawks',62),('Islanders',63),('Flyers',64),('Blue Jackets',65),('Maple Leafs',66),('Devils',67),('Sabres',68),('Flames',69),('Senators',70),('Hurricanes',71),('Wild',72),('Blackhawks',73),('Canadiens',74),('Hurricanes',75),('Kings',76),('Maple Leafs',77),('Kings',78),('Wild',79),('Penguins',80),('Hurricanes',81),('Sabres',82),('Maple Leafs',83),('Senators',84),('Red Wings',85),('Hurricanes',86),('Penguins',87),('Hurricanes',88),('Red Wings',89),('Senators',90),('Stars',91),('Penguins',92),('Capitals',93),('Predators',94),('Jets',95),('Ducks',96),('Panthers',97),('Panthers',98),('Blues',99),('Maple Leafs',100),('Lightning',101),('Canucks',102),('Hurricanes',103),('Jets',104),('Ducks',105),('Wild',106),('Hurricanes',107),('Golden Nights',108),('Avalanche',109),('Islanders',110),('Sharks',111),('Stars',112),('Rangers',113),('Flames',114),('Bruins',115),('Islanders',116),('Coyotes',117),('Avalanche',118),('Canadiens',119),('Ducks',120),('Panthers',121),('Ducks',122),('Golden Nights',123),('Flyers',124),('Stars',125),('Flyers',126),('Flames',127),('Capitals',128),('Lightning',129),('Red Wings',130),('Oilers',131),('Golden Nights',132),('Jets',133),('Ducks',134),('Canadiens',135),('Oilers',136),('Panthers',137),('Wild',138),('Predators',139),('Jets',140),('Panthers',141),('Golden Nights',142),('Blues',143),('Sharks',144),('Canadiens',145),('Senators',146),('Stars',147),('Wild',148),('Kings',149),('Hurricanes',150),('Devils',151),('Canucks',152),('Blues',153),('Islanders',154),('Sharks',155),('Coyotes',156),('Coyotes',157),('Penguins',158),('Wild',159),('Maple Leafs',160),('Bruins',161),('Blue Jackets',162),('Rangers',163),('Senators',164),('Golden Nights',165),('Hurricanes',166),('Maple Leafs',167),('Devils',168),('Senators',169),('Devils',170),('Canucks',171),('Maple Leafs',172),('Flyers',173),('Kings',174),('Maple Leafs',175),('Blackhawks',176),('Islanders',177),('Panthers',178),('Blues',179),('Avalanche',180),('Penguins',181),('Canucks',182),('Devils',183),('Capitals',184),('Lightning',185),('Sharks',186),('Kings',187),('Maple Leafs',188),('Capitals',189),('Lightning',190),('Sabres',191),('Senators',192),('Ducks',193),('Lightning',194),('Blackhawks',195),('Penguins',196),('Blues',197),('Canucks',198),('Sharks',199),('Lightning',200),('Coyotes',201),('Kings',202),('Bruins',203),('Blackhawks',204),('Predators',205),('Blackhawks',206),('Predators',207),('Islanders',208),('Lightning',209),('Bruins',210),('Panthers',211),('Canucks',212),('Oilers',213),('Jets',214),('Blues',215),('Rangers',216),('Red Wings',217),('Red Wings',218),('Lightning',219),('Blues',220),('Stars',221),('Penguins',222),('Ducks',223),('Canadiens',224),('Flyers',225),('Flyers',226),('Kings',227),('Maple Leafs',228),('Senators',229),('Kings',230),('Ducks',231),('Maple Leafs',232),('Stars',233),('Canucks',234),('Golden Nights',235),('Wild',236),('Sharks',237),('Capitals',238),('Penguins',239),('Bruins',240),('Panthers',241),('Lightning',242),('Coyotes',243),('Flames',244),('Oilers',245),('Senators',246),('Devils',247),('Flyers',248),('Islanders',249),('Avalanche',250),('Avalanche',251),('Stars',252),('Capitals',253),('Sabres',254),('Sabres',255),('Red Wings',256),('Panthers',257),('Sharks',258),('Sabres',259),('Blackhawks',260),('Rangers',261),('Blue Jackets',262),('Ducks',263),('Blues',264),('Lightning',265),('Flames',266),('Blackhawks',267),('Islanders',268),('Panthers',269),('Avalanche',270),('Hurricanes',271),('Capitals',272),('Blues',273),('Blues',274),('Coyotes',275),('Hurricanes',276),('Wild',277),('Capitals',278),('Maple Leafs',279),('Golden Nights',280),('Sharks',281),('Blues',282),('Oilers',283),('Golden Nights',284),('Devils',285),('Predators',286),('Bruins',287),('Flames',288),('Lightning',289),('Stars',290),('Flyers',291),('Oilers',292),('Rangers',293),('Kings',294),('Sharks',295),('Predators',296),('Stars',297),('Wild',298),('Blackhawks',299),('Canadiens',300),('Flyers',301),('Red Wings',302),('Canucks',303),('Blue Jackets',304),('Sharks',305),('Bruins',306),('Jets',307),('Predators',308),('Blues',309),('Avalanche',310),('Flames',311),('Wild',312),('Blue Jackets',313),('Red Wings',314),('Penguins',315),('Blue Jackets',316),('Panthers',317),('Lightning',318),('Rangers',319),('Kings',320),('Avalanche',321),('Sharks',322),('Bruins',323),('Wild',324),('Avalanche',325),('Hurricanes',326),('Devils',327),('Flyers',328),('Islanders',329),('Golden Nights',330),('Blackhawks',331),('Senators',332),('Maple Leafs',333),('Coyotes',334),('Maple Leafs',335),('Predators',336),('Ducks',337),('Red Wings',338),('Avalanche',339),('Wild',340),('Rangers',341),('Bruins',342),('Flyers',343),('Blackhawks',344),('Blackhawks',345),('Red Wings',346),('Maple Leafs',347),('Panthers',348),('Blues',349),('Canadiens',350),('Penguins',351),('Red Wings',352),('Stars',353),('Golden Nights',354),('Capitals',355),('Jets',356),('Lightning',357),('Stars',358),('Jets',359),('Canadiens',360),('Capitals',361),('Stars',362),('Flyers',363),('Blues',364),('Islanders',365),('Blue Jackets',366),('Senators',367),('Avalanche',368),('Hurricanes',369),('Lightning',370),('Golden Nights',371),('Jets',372),('Blues',373),('Bruins',374),('Devils',375),('Capitals',376),('Canadiens',377),('Jets',378),('Sabres',379),('Flames',380),('Blackhawks',381),('Flames',382),('Blackhawks',383),('Canadiens',384),('Lightning',385),('Sabres',386),('Panthers',387),('Flyers',388),('Red Wings',389),('Panthers',390),('Senators',391),('Canadiens',392),('Sabres',393),('Sabres',394),('Hurricanes',395),('Golden Nights',396),('Maple Leafs',397),('Capitals',398),('Jets',399),('Maple Leafs',400),('Stars',401),('Canucks',402),('Oilers',403),('Wild',404),('Flyers',405),('Flyers',406),('Hurricanes',407),('Blues',408),('Golden Nights',409),('Wild',410),('Rangers',411),('Senators',412),('Flyers',413),('Sharks',414),('Capitals',415),('Maple Leafs',416),('Red Wings',417),('Coyotes',418),('Maple Leafs',419),('Wild',420),('Red Wings',421),('Flyers',422),('Ducks',423),('Sabres',424),('Jets',425),('Penguins',426),('Jets',427),('Jets',428),('Maple Leafs',429),('Blues',430),('Blackhawks',431),('Senators',432),('Flyers',433),('Stars',434),('Islanders',435),('Kings',436),('Avalanche',437),('Sharks',438),('Jets',439),('Islanders',440),('Stars',441),('Panthers',442),('Canadiens',443),('Ducks',444),('Bruins',445),('Predators',446),('Wild',447),('Bruins',448),('Canadiens',449),('Sharks',450),('Flyers',451),('Red Wings',452),('Predators',453),('Blackhawks',454),('Golden Nights',455),('Flyers',456),('Lightning',457),('Avalanche',458),('Golden Nights',459),('Blues',460),('Senators',461),('Islanders',462),('Wild',463),('Capitals',464),('Devils',465),('Lightning',466),('Flyers',467),('Jets',468),('Avalanche',469),('Blues',470),('Blue Jackets',471),('Maple Leafs',472),('Stars',473),('Avalanche',474),('Maple Leafs',475),('Flyers',476),('Hurricanes',477),('Flames',478),('Hurricanes',479),('Kings',480),('Sharks',481),('Flames',482),('Penguins',483),('Stars',484),('Devils',485),('Kings',486),('Capitals',487),('Stars',488),('Senators',489),('Panthers',490),('Golden Nights',491),('Kings',492),('Red Wings',493),('Canadiens',494),('Flames',495),('Sharks',496),('Flyers',497),('Rangers',498),('Avalanche',499),('Sharks',500),('Islanders',501),('Islanders',502),('Coyotes',503),('Devils',504),('Coyotes',505),('Sharks',506),('Predators',507),('Penguins',508),('Flames',509),('Devils',510),('Golden Nights',511),('Panthers',512),('Flames',513),('Blue Jackets',514),('Maple Leafs',515),('Golden Nights',516),('Predators',517),('Canadiens',518),('Golden Nights',519),('Coyotes',520),('Sharks',521),('Sabres',522),('Red Wings',523),('Rangers',524),('Capitals',525),('Stars',526),('Canadiens',527),('Rangers',528),('Sharks',529),('Avalanche',530),('Blue Jackets',531),('Blackhawks',532),('Flames',533),('Sabres',534),('Senators',535),('Rangers',536),('Sabres',537),('Blues',538),('Blackhawks',539),('Oilers',540),('Stars',541),('Avalanche',542),('Avalanche',543),('Jets',544),('Red Wings',545),('Senators',546),('Canucks',547),('Canucks',548),('Blues',549),('Stars',550),('Wild',551),('Panthers',552),('Islanders',553),('Lightning',554),('Sharks',555),('Golden Nights',556),('Blackhawks',557),('Stars',558),('Hurricanes',559),('Flyers',560),('Golden Nights',561),('Avalanche',562),('Ducks',563),('Oilers',564),('Sabres',565),('Bruins',566),('Flames',567),('Islanders',568),('Panthers',569),('Maple Leafs',570),('Canadiens',571),('Kings',572),('Blue Jackets',573),('Flames',574),('Avalanche',575),('Avalanche',576),('Devils',577),('Canadiens',578),('Predators',579),('Capitals',580),('Predators',581),('Maple Leafs',582),('Predators',583),('Lightning',584),('Senators',585),('Predators',586),('Maple Leafs',587),('Predators',588),('Penguins',589),('Blackhawks',590),('Bruins',591),('Jets',592),('Kings',593),('Senators',594),('Jets',595),('Lightning',596),('Kings',597),('Blues',598),('Red Wings',599),('Senators',600),('Avalanche',601),('Maple Leafs',602),('Oilers',603),('Lightning',604),('Blue Jackets',605),('Sharks',606),('Senators',607),('Canadiens',608),('Stars',609),('Flames',610),('Bruins',611),('Coyotes',612),('Canucks',613),('Lightning',614),('Maple Leafs',615),('Penguins',616),('Canadiens',617),('Flyers',618),('Devils',619),('Coyotes',620),('Rangers',621),('Golden Nights',622),('Maple Leafs',623),('Sabres',624),('Ducks',625),('Sharks',626),('Blues',627),('Blue Jackets',628),('Hurricanes',629),('Coyotes',630),('Blue Jackets',631),('Penguins',632),('Ducks',633),('Senators',634),('Red Wings',635),('Flames',636),('Wild',637),('Kings',638),('Wild',639),('Sabres',640),('Capitals',641),('Red Wings',642),('Golden Nights',643),('Canucks',644),('Kings',645),('Rangers',646),('Flyers',647),('Golden Nights',648),('Avalanche',649),('Penguins',650),('Jets',651),('Bruins',652),('Senators',653),('Stars',654),('Canadiens',655),('Golden Nights',656),('Maple Leafs',657),('Penguins',658),('Lightning',659),('Penguins',660),('Jets',661),('Devils',662),('Hurricanes',663),('Devils',664),('Blackhawks',665),('Blues',666),('Bruins',667),('Sabres',668),('Stars',669),('Panthers',670),('Islanders',671),('Hurricanes',672),('Sabres',673),('Predators',674),('Jets',675),('Sabres',676),('Oilers',677),('Canadiens',678),('Blues',679),('Panthers',680),('Predators',681),('Jets',682),('Capitals',683),('Red Wings',684),('Avalanche',685),('Rangers',686),('Sharks',687),('Coyotes',688),('Flyers',689),('Avalanche',690),('Islanders',691),('Blue Jackets',692),('Rangers',693),('Maple Leafs',694),('Ducks',695),('Rangers',696),('Flyers',697),('Canadiens',698),('Oilers',699),('Avalanche',700),('Sharks',701),('Jets',702),('Predators',703),('Red Wings',704),('Wild',705),('Ducks',706),('Hurricanes',707),('Bruins',708),('Flames',709),('Stars',710),('Panthers',711),('Sharks',712),('Lightning',713),('Capitals',714),('Senators',715),('Islanders',716),('Sharks',717),('Maple Leafs',718),('Hurricanes',719),('Bruins',720),('Red Wings',721),('Flyers',722),('Blue Jackets',723),('Islanders',724),('Kings',725),('Bruins',726),('Avalanche',727),('Sharks',728),('Oilers',729),('Rangers',730),('Avalanche',731),('Red Wings',732),('Avalanche',733),('Bruins',734),('Ducks',735),('Hurricanes',736),('Maple Leafs',737),('Sharks',738),('Golden Nights',739),('Blackhawks',740),('Penguins',741),('Sabres',742),('Wild',743),('Hurricanes',744),('Oilers',745),('Predators',746),('Penguins',747),('Stars',748),('Rangers',749),('Islanders',750),('Oilers',751),('Predators',752),('Wild',753),('Flames',754),('Jets',755),('Oilers',756),('Devils',757),('Flames',758),('Capitals',759),('Sharks',760),('Hurricanes',761),('Flames',762),('Senators',763),('Capitals',764),('Stars',765),('Maple Leafs',766),('Oilers',767),('Rangers',768),('Stars',769),('Sharks',770),('Rangers',771),('Blue Jackets',772),('Devils',773),('Oilers',774),('Wild',775),('Avalanche',776),('Penguins',777),('Kings',778),('Golden Nights',779),('Sabres',780),('Blue Jackets',781),('Jets',782),('Kings',783),('Penguins',784),('Oilers',785),('Devils',786),('Wild',787),('Hurricanes',788),('Canucks',789),('Jets',790),('Jets',791),('Hurricanes',792),('Golden Nights',793),('Predators',794),('Stars',795),('Sharks',796),('Blue Jackets',797),('Capitals',798),('Flames',799),('Flyers',800),('Hurricanes',801),('Capitals',802),('Blackhawks',803),('Penguins',804),('Islanders',805),('Lightning',806),('Predators',807),('Devils',808),('Kings',809),('Sharks',810),('Capitals',811),('Sabres',812),('Rangers',813),('Flames',814),('Golden Nights',815),('Blues',816),('Canadiens',817),('Kings',818),('Hurricanes',819),('Coyotes',820),('Canadiens',821),('Red Wings',822),('Islanders',823),('Wild',824),('Blues',825),('Coyotes',826),('Wild',827),('Canadiens',828),('Blue Jackets',829),('Golden Nights',830),('Jets',831),('Bruins',832),('Red Wings',833),('Ducks',834),('Lightning',835),('Avalanche',836),('Canucks',837),('Wild',838),('Bruins',839),('Lightning',840),('Sabres',841),('Bruins',842),('Flames',843),('Wild',844),('Ducks',845),('Ducks',846),('Jets',847),('Golden Nights',848),('Islanders',849),('Senators',850),('Hurricanes',851),('Jets',852),('Predators',853),('Canadiens',854),('Rangers',855),('Oilers',856),('Coyotes',857),('Predators',858),('Stars',859),('Sabres',860),('Devils',861),('Coyotes',862),('Panthers',863),('Panthers',864),('Blue Jackets',865),('Capitals',866),('Islanders',867),('Golden Nights',868),('Penguins',869),('Islanders',870),('Devils',871),('Avalanche',872),('Capitals',873),('Sharks',874),('Canucks',875),('Panthers',876),('Sharks',877),('Ducks',878),('Kings',879),('Avalanche',880),('Wild',881),('Stars',882),('Avalanche',883),('Golden Nights',884),('Sharks',885),('Jets',886),('Red Wings',887),('Lightning',888),('Coyotes',889),('Wild',890),('Devils',891),('Blues',892),('Sharks',893),('Hurricanes',894),('Blue Jackets',895),('Blue Jackets',896),('Senators',897),('Kings',898),('Maple Leafs',899),('Islanders',900),('Devils',901),('Avalanche',902),('Avalanche',903),('Canucks',904),('Lightning',905),('Senators',906),('Sharks',907),('Capitals',908),('Hurricanes',909),('Senators',910),('Sharks',911),('Canucks',912),('Flyers',913),('Rangers',914),('Stars',915),('Penguins',916),('Sabres',917),('Sharks',918),('Coyotes',919),('Blue Jackets',920),('Penguins',921),('Islanders',922),('Oilers',923),('Coyotes',924),('Golden Nights',925),('Predators',926),('Predators',927),('Canucks',928),('Blackhawks',929),('Bruins',930),('Flyers',931),('Flames',932),('Sabres',933),('Maple Leafs',934),('Blue Jackets',935),('Rangers',936),('Sharks',937),('Red Wings',938),('Red Wings',939),('Hurricanes',940),('Canucks',941),('Blackhawks',942),('Islanders',943),('Maple Leafs',944),('Panthers',945),('Stars',946),('Rangers',947),('Flames',948),('Panthers',949),('Stars',950),('Predators',951),('Kings',952),('Rangers',953),('Hurricanes',954),('Islanders',955),('Ducks',956),('Senators',957),('Kings',958),('Avalanche',959),('Flyers',960),('Maple Leafs',961),('Capitals',962),('Oilers',963),('Wild',964),('Predators',965),('Senators',966),('Ducks',967),('Ducks',968),('Maple Leafs',969),('Red Wings',970),('Flyers',971),('Senators',972),('Stars',973),('Panthers',974),('Senators',975),('Ducks',976),('Maple Leafs',977),('Ducks',978),('Golden Nights',979),('Hurricanes',980),('Penguins',981),('Blues',982),('Devils',983),('Rangers',984),('Avalanche',985),('Canucks',986),('Red Wings',987),('Sharks',988),('Blue Jackets',989),('Devils',990),('Flames',991),('Sharks',992),('Maple Leafs',993),('Golden Nights',994),('Lightning',995),('Avalanche',996),('Red Wings',997),('Blues',998),('Canadiens',999),('Flames',1000);
/*!40000 ALTER TABLE `playedfor` ENABLE KEYS */;
UNLOCK TABLES;

--
-- Table structure for table `player`
--

DROP TABLE IF EXISTS `player`;
/*!40101 SET @saved_cs_client     = @@character_set_client */;
/*!40101 SET character_set_client = utf8 */;
CREATE TABLE `player` (
  `ID` int(11) NOT NULL AUTO_INCREMENT,
  `FirstName` varchar(20) DEFAULT NULL,
  `LastName` varchar(20) DEFAULT NULL,
  PRIMARY KEY (`ID`)
) ENGINE=InnoDB AUTO_INCREMENT=1006 DEFAULT CHARSET=latin1;
/*!40101 SET character_set_client = @saved_cs_client */;

--
-- Dumping data for table `player`
--

LOCK TABLES `player` WRITE;
/*!40000 ALTER TABLE `player` DISABLE KEYS */;
INSERT INTO `player` VALUES (1,'Devan','Dubnyk'),(2,'Gaby','Muscat'),(3,'Florette','Newsham'),(4,'Nelia','Lynde'),(5,'Seka','Watton'),(6,'Hunt','Barenskie'),(7,'Annetta','Garrow'),(8,'Clay','Mattes'),(9,'Amby','Ugolotti'),(10,'Sacha','Trevear'),(11,'Bernelle','Sayburn'),(12,'Donnell','Besemer'),(13,'Aldon','Kisar'),(14,'Sander','Jury'),(15,'Jeffry','Dommersen'),(16,'Tommie','Daingerfield'),(17,'Lanna','Heinritz'),(18,'Susan','Beesey'),(19,'Morse','Sydes'),(20,'Lou','Garthside'),(21,'Evey','Sturr'),(22,'Nick','Goldes'),(23,'Maible','Rhyme'),(24,'Monty','MacKissack'),(25,'Wanids','Shave'),(26,'Ricca','Seakes'),(27,'Judas','Ends'),(28,'Elyse','Nassy'),(29,'Carole','Rodge'),(30,'Byran','Mulqueeny'),(31,'Priscilla','Paraman'),(32,'Martina','Samways'),(33,'Eustacia','Howard - Gater'),(34,'Madeline','Kesley'),(35,'Carry','Purrier'),(36,'Antonia','Shoebottom'),(37,'Davon','Labitt'),(38,'Cornie','Liversage'),(39,'Anallese','Devenish'),(40,'Anjela','Brimilcombe'),(41,'Rubia','Paynes'),(42,'Gayle','Mingaye'),(43,'Adolf','Pounder'),(44,'Harriett','Proudley'),(45,'Sanford','Ferran'),(46,'Trixy','Dulake'),(47,'Bogart','Stibbs'),(48,'Harley','Ganforthe'),(49,'Killian','Duesberry'),(50,'Stevena','Byron'),(51,'Gasper','Growcock'),(52,'Hobey','Emery'),(53,'Moyna','Morecombe'),(54,'Herculie','Marioneau'),(55,'Vivianne','Bisset'),(56,'Cosmo','Godart'),(57,'Anatol','Whitby'),(58,'Torr','Sekulla'),(59,'Cathryn','Cuningham'),(60,'Celestyn','Pinder'),(61,'Netti','Roby'),(62,'Zenia','Siemantel'),(63,'Teresina','Iredell'),(64,'Lark','Macklam'),(65,'Sammie','Hayth'),(66,'Hymie','Swallow'),(67,'Humfrey','Stockings'),(68,'Brigg','De Cristofalo'),(69,'Eimile','Le Noire'),(70,'Gay','Edmonds'),(71,'Vail','Brussels'),(72,'Demetrius','Tockell'),(73,'Willi','Billo'),(74,'Norri','Tottie'),(75,'Shermy','MacCarrick'),(76,'Alanah','Palley'),(77,'Gordon','Sunock'),(78,'Herrick','Brownsett'),(79,'Kile','Duffan'),(80,'Jock','Scibsey'),(81,'Eugene','Stathers'),(82,'Mary','Arnaudet'),(83,'Hendrika','Mathers'),(84,'Tracee','Bromidge'),(85,'Jesse','Paxeford'),(86,'Ozzy','Ondrus'),(87,'Mollee','Thacke'),(88,'Conchita','Bulfit'),(89,'Rainer','Martusewicz'),(90,'Kinsley','Huggens'),(91,'Robinet','Caldes'),(92,'Charisse','Axup'),(93,'Herbie','Musgrave'),(94,'Rufus','Treslove'),(95,'Orbadiah','Razoux'),(96,'Cazzie','Giacopazzi'),(97,'Burke','Wiggett'),(98,'Dorey','Crickett'),(99,'Tara','Estick'),(100,'Pierson','Pioch'),(101,'Bernie','Bubbear'),(102,'Nathanial','Gamlin'),(103,'Lief','Lansly'),(104,'Maye','D\'Ambrogio'),(105,'Floria','Beare'),(106,'Nannette','Lettsom'),(107,'Danie','Parks'),(108,'Marybeth','Bohling'),(109,'Clareta','Petters'),(110,'Meggy','Ruppel'),(111,'Tamarah','Aleksich'),(112,'Freddie','Limming'),(113,'Stevana','Steventon'),(114,'Shellie','Balcock'),(115,'Ardenia','Fritzer'),(116,'Fritz','Ovise'),(117,'Arda','Leddy'),(118,'Catlaina','Sigars'),(119,'Khalil','Levins'),(120,'Elly','MacKeogh'),(121,'Maurise','Strettle'),(122,'Hyatt','Garrud'),(123,'Tiffy','Bogey'),(124,'Karel','Linger'),(125,'Kattie','O\'Lennachain'),(126,'Abelard','Rubinsohn'),(127,'Nollie','Pauwel'),(128,'Linette','Stuttman'),(129,'Neddy','Renzini'),(130,'Pauly','Piell'),(131,'Blisse','Lemanu'),(132,'Maryanna','Whitechurch'),(133,'Mella','Boutellier'),(134,'Adela','Ledgister'),(135,'Cull','Fawson'),(136,'Roxy','Chetham'),(137,'Ellis','Harburtson'),(138,'Andria','Shay'),(139,'Andrea','Lyndon'),(140,'Connie','O\'Henery'),(141,'Curran','Schroter'),(142,'Bonnibelle','Eymer'),(143,'Nicky','Banbrigge'),(144,'Gun','Stirtle'),(145,'Vinny','Peschmann'),(146,'Ilyse','Dishman'),(147,'Bobine','Tibbotts'),(148,'Brenden','Gosdin'),(149,'Danila','Balm'),(150,'Annmaria','Jehaes'),(151,'Rafi','Westley'),(152,'Wald','Innot'),(153,'Patrice','Kenderdine'),(154,'Inigo','Matresse'),(155,'Halsy','Danbury'),(156,'Kesley','Van Haeften'),(157,'Malvin','Saville'),(158,'Blythe','Gravey'),(159,'Allayne','Davitashvili'),(160,'Kenon','Castrillo'),(161,'Babbie','Bottini'),(162,'Karalee','Borge'),(163,'Max','Mound'),(164,'Shirl','Stoacley'),(165,'Bourke','Castelain'),(166,'Sarita','Laing'),(167,'Philbert','Liptrot'),(168,'Darill','Lude'),(169,'Kassi','Veivers'),(170,'Elbertine','Limrick'),(171,'Linnell','Klousner'),(172,'Marty','Penner'),(173,'Kimberlyn','Breinl'),(174,'Myrwyn','Smithend'),(175,'Lonee','Niblock'),(176,'Myrle','Fateley'),(177,'Arvie','Leabeater'),(178,'Rudd','Gilgryst'),(179,'Karel','Caukill'),(180,'Niko','Jackett'),(181,'Aldous','Hurndall'),(182,'Theobald','Heathwood'),(183,'Haydon','Patrickson'),(184,'Bret','Borne'),(185,'Truman','Gwillym'),(186,'Dion','Rounce'),(187,'Cymbre','Peckham'),(188,'Solomon','Caccavari'),(189,'Toma','Sympson'),(190,'Tabb','Titheridge'),(191,'David','Pittford'),(192,'Briana','Tanfield'),(193,'Arri','Stoakes'),(194,'Cissiee','Batters'),(195,'Melessa','Sutty'),(196,'Enrika','Cleator'),(197,'Heywood','Sobczak'),(198,'Bill','Leal'),(199,'Clement','Wardel'),(200,'Sibelle','Clooney'),(201,'Alethea','Dotterill'),(202,'Larissa','Reddlesden'),(203,'Lucina','Miguet'),(204,'Basile','Fust'),(205,'Ina','Bertouloume'),(206,'Bendix','Exall'),(207,'Neila','Thrussell'),(208,'Gibbie','Bendtsen'),(209,'Dena','Leggin'),(210,'Laural','Le Frank'),(211,'Bobbi','Bogges'),(212,'Brina','Parmby'),(213,'Devy','Skyme'),(214,'Bailie','Shawdforth'),(215,'Corrie','Ancell'),(216,'Mignonne','Sent'),(217,'Brunhilda','Elington'),(218,'Normie','Brewerton'),(219,'Kristien','Verney'),(220,'Roderick','Wallage'),(221,'Gertie','Nassie'),(222,'Bil','Biddleston'),(223,'Deny','McCamish'),(224,'Ardenia','Fairley'),(225,'Ingeborg','McLugish'),(226,'Linette','MacNeill'),(227,'Orella','Cadge'),(228,'Odella','Birdwhistell'),(229,'Angel','Chastelain'),(230,'Piper','Abrahamian'),(231,'Markos','Helsby'),(232,'Amye','Mazillius'),(233,'Gabriele','Genty'),(234,'Casi','Leavey'),(235,'Barb','Kopisch'),(236,'Joyous','Dubois'),(237,'Chere','Cheverell'),(238,'Ker','Callum'),(239,'Dougie','Strevens'),(240,'Hermann','Lochead'),(241,'Agnese','Kleinsmuntz'),(242,'Gael','Nealy'),(243,'Hertha','Birtchnell'),(244,'Gianina','Yandell'),(245,'Ingmar','Mottram'),(246,'Adam','Concannon'),(247,'Giselbert','Kolin'),(248,'Hallsy','Pringley'),(249,'Judye','Juliano'),(250,'Nestor','Thackston'),(251,'Napoleon','Cumes'),(252,'Bogey','Jinkin'),(253,'Philippe','Loosley'),(254,'Miner','Zimmermanns'),(255,'Libbi','Haynes'),(256,'Sonni','Irnis'),(257,'Olga','Brandrick'),(258,'Celeste','Bernardotte'),(259,'Danie','Heindrick'),(260,'Kania','Crehan'),(261,'Shelia','Vinton'),(262,'Eugenio','Greenhall'),(263,'Jaquelyn','Gianettini'),(264,'Gayla','Baly'),(265,'Abbie','Saban'),(266,'Perla','Rivard'),(267,'Fransisco','Burnel'),(268,'Elvyn','Redrup'),(269,'Durward','Stitt'),(270,'Val','Heineken'),(271,'Jenelle','Willgress'),(272,'Malena','Frost'),(273,'Barnaby','Seiler'),(274,'Daffi','Adshede'),(275,'Consolata','Matchitt'),(276,'D\'arcy','Schade'),(277,'Chico','Whale'),(278,'Katerina','Marven'),(279,'Brennen','Abdy'),(280,'Renaud','Trevarthen'),(281,'Neils','Skryne'),(282,'Berri','Glanvill'),(283,'Smith','Thaxter'),(284,'Krysta','Cough'),(285,'Leona','Gooden'),(286,'Eustacia','Hammor'),(287,'Tandie','Machel'),(288,'Shelia','Print'),(289,'Rora','Dillamore'),(290,'Stacey','Reoch'),(291,'Edvard','Whordley'),(292,'Ulrikaumeko','Brightie'),(293,'Jud','Dalyell'),(294,'Abbe','Biasotti'),(295,'Elita','Bernt'),(296,'Maegan','McOwan'),(297,'Tessi','Lorenz'),(298,'Samara','Skeeles'),(299,'Leodora','Northin'),(300,'Kellsie','Bretherick'),(301,'Anatol','Sterzaker'),(302,'Iorgos','Rehn'),(303,'Hastie','Hunnaball'),(304,'Tessa','Fumagalli'),(305,'Janeva','Adame'),(306,'Ivette','Flaverty'),(307,'Alverta','Flay'),(308,'Mychal','Tomaino'),(309,'Rodina','Ferens'),(310,'Aldo','Earry'),(311,'Kay','Blaxton'),(312,'Bethanne','Leander'),(313,'Gillan','Philipot'),(314,'Daria','Rockliffe'),(315,'Doy','De Biaggi'),(316,'Monty','O\' Shea'),(317,'Aeriela','Binks'),(318,'Dagny','Wrassell'),(319,'Mario','Callam'),(320,'Forster','Goodbody'),(321,'Judie','Mitchelson'),(322,'Emmanuel','Cotterill'),(323,'Nerty','Woolcocks'),(324,'Doy','Durran'),(325,'Robby','Gason'),(326,'Neale','Atthowe'),(327,'Jackelyn','Kettridge'),(328,'Zacharie','Stears'),(329,'Randolph','Gillson'),(330,'Pace','Tregidga'),(331,'Maddie','Glaserman'),(332,'Bibbie','Drinkall'),(333,'Lisbeth','Lowson'),(334,'Susy','Murrish'),(335,'Gusta','Wesker'),(336,'Marline','Delucia'),(337,'Bartram','Cantle'),(338,'Berke','Rohlf'),(339,'Margeaux','Folbige'),(340,'Wallas','Wittleton'),(341,'Zara','Symondson'),(342,'Ami','Stilliard'),(343,'Kendricks','Florey'),(344,'Egor','Petrelli'),(345,'Dee dee','Dowdeswell'),(346,'Lynda','Zisneros'),(347,'Jeanine','Le febre'),(348,'Emmi','Llewelyn'),(349,'Burton','Dunthorn'),(350,'Hamnet','Dugdale'),(351,'Tallou','Whybray'),(352,'Jenelle','Kleinhaut'),(353,'Jocko','Beardsdale'),(354,'Dene','Bonelle'),(355,'Oona','Chitty'),(356,'Davey','Humblestone'),(357,'Basilio','McGhee'),(358,'Hilarius','Antognoni'),(359,'Anitra','Nuccitelli'),(360,'Merla','Rubinovici'),(361,'Jenilee','Wallicker'),(362,'Fredi','Strowther'),(363,'Gabriellia','Rosenblatt'),(364,'Gnni','Grace'),(365,'Merry','Igo'),(366,'Ewart','Bailes'),(367,'Tiffie','Lingfoot'),(368,'Clayton','Hambidge'),(369,'Sallie','Mewitt'),(370,'Winifred','Verrick'),(371,'Eduardo','Percy'),(372,'Cornelia','Menico'),(373,'Evered','Hartfleet'),(374,'Gibbie','Pedrozzi'),(375,'Dillie','Brownlea'),(376,'Kristy','Ledbetter'),(377,'Pincas','Proudlock'),(378,'Edeline','Le Jean'),(379,'Tessa','Crotch'),(380,'Hermann','Benitez'),(381,'Ely','Greneham'),(382,'Honey','Sulley'),(383,'Lorelei','D\'Errico'),(384,'Lynnett','Oloshkin'),(385,'Guinna','Kunkel'),(386,'Bondon','Colhoun'),(387,'Timotheus','Sadat'),(388,'Gardiner','Braithwaite'),(389,'Chancey','Rimell'),(390,'Debra','Grzegorek'),(391,'Gerard','Dulinty'),(392,'Greggory','Castagnier'),(393,'Rustin','Gres'),(394,'Mead','Furphy'),(395,'Karlik','Durden'),(396,'Waneta','Martinetto'),(397,'Alisun','Shovel'),(398,'Val','Joslow'),(399,'Cathe','Parrott'),(400,'Lezlie','Ketts'),(401,'Sammie','Jankowski'),(402,'Leopold','Anchor'),(403,'Quint','Meran'),(404,'Logan','Hast'),(405,'Marie-jeanne','Scipsey'),(406,'Evangelina','Osbiston'),(407,'Dunstan','Gieves'),(408,'Fredek','Sillick'),(409,'Felita','Echallie'),(410,'Lonnie','Persitt'),(411,'Ardith','Warfield'),(412,'Cooper','Dunbavin'),(413,'Mattheus','Serfati'),(414,'Ruttger','Weyland'),(415,'Shannan','D\'Almeida'),(416,'Shay','Dellenty'),(417,'Papageno','Attiwill'),(418,'Giusto','Fernandes'),(419,'Dukie','Vaughten'),(420,'Miltie','McGavin'),(421,'Shurlocke','Noke'),(422,'Eilis','Thurlbeck'),(423,'Ernestus','Sabie'),(424,'Rudie','Cadalleder'),(425,'Sterne','Terlinden'),(426,'Stevana','Frisby'),(427,'Wally','Frickey'),(428,'Alva','Giorgeschi'),(429,'Astrid','Oakman'),(430,'Antonino','Gardener'),(431,'Tan','Chue'),(432,'Perice','Feben'),(433,'Brear','Harmond'),(434,'Fiorenze','Gerault'),(435,'Esta','Godier'),(436,'Collin','Ondrousek'),(437,'Maxwell','Leathes'),(438,'Hermine','Mahony'),(439,'Millicent','Aslum'),(440,'Coretta','Withers'),(441,'Derward','Gosnall'),(442,'Lona','Bailie'),(443,'Isabelle','Durak'),(444,'Maye','Smewings'),(445,'Christy','Viel'),(446,'Elmira','Lambourn'),(447,'Livvie','Aylen'),(448,'Beryle','Danks'),(449,'Keelia','Flaunders'),(450,'Bess','Spiniello'),(451,'Lyle','Eliasson'),(452,'Sephira','Cianelli'),(453,'Sherry','Januszewicz'),(454,'Arnie','Chestle'),(455,'Ashlee','Twohig'),(456,'Shara','McCathie'),(457,'Philis','Chastan'),(458,'Belia','Wakelin'),(459,'Laurens','Danielczyk'),(460,'Shannon','Sambrook'),(461,'Margeaux','Kilcullen'),(462,'Anselma','Franzewitch'),(463,'Ingeborg','Cordeux'),(464,'Juan','Cozins'),(465,'Laura','Wymer'),(466,'Marietta','Gosz'),(467,'Serene','Bedin'),(468,'Alexei','Allflatt'),(469,'Ashley','Hursey'),(470,'Karel','Ferrettini'),(471,'Alex','Ida'),(472,'Kinsley','Willerson'),(473,'Donnamarie','Clogg'),(474,'Germain','Sille'),(475,'Corbin','Bohills'),(476,'Genovera','Nottle'),(477,'Norman','Klulik'),(478,'Sibella','Shevelin'),(479,'Teddie','Olenchikov'),(480,'Lauryn','Lumox'),(481,'Sammie','Lynn'),(482,'Krishna','Fanner'),(483,'Darlleen','Stock'),(484,'Blaire','Godleman'),(485,'Maegan','Fumagalli'),(486,'Fernandina','Mollett'),(487,'Shea','Whitaker'),(488,'Rebecca','Paulillo'),(489,'Jarrad','Bracher'),(490,'Fianna','Waliszewski'),(491,'Galvin','Ferier'),(492,'Waylon','Rewcassell'),(493,'Rozella','Goodlip'),(494,'Lyon','Titlow'),(495,'Alena','Allebone'),(496,'Alard','Larret'),(497,'Ardis','Olensby'),(498,'Saxe','Fuchs'),(499,'Jodie','Lawman'),(500,'Dosi','Westfield'),(501,'Joella','Catlin'),(502,'Karolina','Iacavone'),(503,'Upton','Sandercock'),(504,'Curt','Sedcole'),(505,'Billy','Cristofano'),(506,'Evvie','Leport'),(507,'Travus','Ramme'),(508,'Maurise','Reece'),(509,'Reuven','Gueny'),(510,'Arluene','Chawner'),(511,'Tracy','Buckle'),(512,'Carlee','Sturror'),(513,'Kelli','Sharpless'),(514,'Leelah','Blagburn'),(515,'Belicia','Vorley'),(516,'Eberto','Buchett'),(517,'Ulick','Feakins'),(518,'Perkin','Entres'),(519,'Karee','Cleere'),(520,'Harlin','Dulieu'),(521,'Merilee','Stockey'),(522,'Gwenore','Sneesbie'),(523,'Ivan','Dunlap'),(524,'Loni','Pechold'),(525,'Mychal','Darcey'),(526,'Talia','Tennock'),(527,'Irwinn','Zute'),(528,'Sinclare','Cranch'),(529,'Genevra','Ruggen'),(530,'Kanya','Tunstall'),(531,'Bree','Romi'),(532,'Marcia','Philot'),(533,'Godard','Ogus'),(534,'Seamus','Andrew'),(535,'Libby','Nesbit'),(536,'Marcelle','Stuck'),(537,'Nevil','Grenville'),(538,'Cloris','Tedridge'),(539,'Hynda','Cromley'),(540,'Doreen','Guirau'),(541,'Channa','Whitehurst'),(542,'Fredelia','Kiebes'),(543,'Britt','Noyce'),(544,'Ingaberg','Leaver'),(545,'Fran','Pickover'),(546,'Sean','Lettson'),(547,'Abbe','Dell \'Orto'),(548,'Biddie','Dreghorn'),(549,'Gae','Garrick'),(550,'Robina','Aindriu'),(551,'Charmian','Ewols'),(552,'Candice','Seale'),(553,'Garner','Feldklein'),(554,'Umeko','Tammadge'),(555,'Teddy','Ioselev'),(556,'Celina','Stelfax'),(557,'Frankie','Robertelli'),(558,'Jude','Hullbrook'),(559,'Sarette','Penreth'),(560,'Deborah','Pickerell'),(561,'Solly','Vickress'),(562,'Artemus','Filipponi'),(563,'Linzy','Cattellion'),(564,'Celesta','Clynter'),(565,'Ky','Woolpert'),(566,'Mair','Bonass'),(567,'Masha','Catlette'),(568,'Linnet','Akeherst'),(569,'Garry','Evennett'),(570,'Dorian','Joannidi'),(571,'Korrie','Avann'),(572,'Ive','Scandrett'),(573,'Olav','Burtenshaw'),(574,'Fitz','Kerwood'),(575,'Devonna','Bartlomiejczyk'),(576,'August','Cushion'),(577,'Leanna','Dikels'),(578,'Field','Duffield'),(579,'Kane','Imeson'),(580,'Wade','Amey'),(581,'Clarke','Bowick'),(582,'Eberto','Burland'),(583,'Murry','Tegeller'),(584,'Fleming','Langabeer'),(585,'Vonny','Hallut'),(586,'Dasya','Wank'),(587,'Radcliffe','Rash'),(588,'Mozes','Quigg'),(589,'Nikos','Rhyme'),(590,'Ced','Flatley'),(591,'Hendrik','Bartosch'),(592,'Edi','Mougeot'),(593,'Zilvia','Haselgrove'),(594,'Griselda','Apfelmann'),(595,'Myrtie','McMurthy'),(596,'Faina','Currier'),(597,'Kassey','Arndell'),(598,'Monique','Jillions'),(599,'Priscilla','Poynzer'),(600,'Randi','Tutchell'),(601,'Rafael','Erie'),(602,'Berri','Suter'),(603,'Carly','Lante'),(604,'Rikki','Bamlett'),(605,'Perren','Strugnell'),(606,'Candis','Sharkey'),(607,'Camila','Drewett'),(608,'Clayton','Steele'),(609,'Nolana','Colhoun'),(610,'Gayelord','Buttress'),(611,'Gayelord','de Clercq'),(612,'Kirstyn','Minghetti'),(613,'Laure','Batecok'),(614,'Karyl','Rubinfeld'),(615,'Juli','Bovingdon'),(616,'Delly','Polfer'),(617,'Kenna','Boorn'),(618,'Kennan','Cheek'),(619,'Thorny','McCollum'),(620,'Russ','Eddoes'),(621,'Jayson','Kinsell'),(622,'Etan','Peeke-Vout'),(623,'Jamison','O\'Fallowne'),(624,'Warren','Kenningham'),(625,'Libbie','Girardin'),(626,'Caril','Scattergood'),(627,'Ellette','Leal'),(628,'Griffith','Bee'),(629,'Mercy','Millhouse'),(630,'Nanine','Stratley'),(631,'Standford','Paddle'),(632,'Caron','Oxburgh'),(633,'Hayes','Rountree'),(634,'Thia','Friar'),(635,'Gard','Wingatt'),(636,'Tiler','Quigg'),(637,'Willard','Mossop'),(638,'Estele','Jurges'),(639,'Donetta','Doxsey'),(640,'Junette','Mangenet'),(641,'Koenraad','Linscott'),(642,'Sigismondo','Humby'),(643,'Jo','Shoveller'),(644,'Yorgo','Dragoe'),(645,'Kristofer','Hanselmann'),(646,'Gusta','Troutbeck'),(647,'Riobard','Piatto'),(648,'Glyn','Oehm'),(649,'Kerrin','Fane'),(650,'Terrel','Schroter'),(651,'Tina','Flanaghan'),(652,'Nickey','Otham'),(653,'Sven','Chessell'),(654,'Oralee','Fishbie'),(655,'Berkley','Abrey'),(656,'Burr','Stamper'),(657,'Martie','Lightwing'),(658,'Teresita','Kermannes'),(659,'Bastien','McKee'),(660,'Ardith','Dunkinson'),(661,'Verne','Marrett'),(662,'Hollis','Pimmocke'),(663,'Perry','Puve'),(664,'Roldan','Emblow'),(665,'Cecilius','True'),(666,'Kamilah','Lawles'),(667,'Moise','Raiment'),(668,'Jennette','Featenby'),(669,'Bill','Blaxlande'),(670,'Lora','Muspratt'),(671,'Stephannie','Townsley'),(672,'Dermot','Lavelle'),(673,'Adolpho','Metham'),(674,'Marcellus','Gallaway'),(675,'Constancia','Sayers'),(676,'Immanuel','Dunmuir'),(677,'Aeriela','Chisholme'),(678,'Seka','Binton'),(679,'Billie','Belone'),(680,'Eilis','Connealy'),(681,'Far','Keddy'),(682,'Uriah','McDugal'),(683,'Malory','Annion'),(684,'Karoly','Caw'),(685,'Farrell','Reinbach'),(686,'Thurston','Yakuntsov'),(687,'Albertine','Bittany'),(688,'Urbain','Lockett'),(689,'Aloysius','Eade'),(690,'Matthaeus','Guisler'),(691,'Evered','Harhoff'),(692,'Jorie','Hairs'),(693,'Chrisse','Aykroyd'),(694,'Baily','Icke'),(695,'Neilla','Haddinton'),(696,'Avivah','Ormistone'),(697,'Odella','Dyne'),(698,'Marty','Penvarden'),(699,'Rosabelle','Hobson'),(700,'Vite','Gorrie'),(701,'Chickie','Wareham'),(702,'Cchaddie','Vaadeland'),(703,'Franklin','Iannitti'),(704,'Eamon','O\'Fallon'),(705,'Berti','Mandrier'),(706,'Howard','Stag'),(707,'Cherye','Nutty'),(708,'Issy','Caudwell'),(709,'Dalila','Dunkerley'),(710,'Paddie','Borres'),(711,'Gunner','Bellwood'),(712,'Austine','Guilliatt'),(713,'Jodie','Giron'),(714,'Bettye','Elletson'),(715,'Evelyn','Flatley'),(716,'Tatiana','Sturgis'),(717,'Ealasaid','Muncer'),(718,'Gipsy','Seamons'),(719,'Harland','Bicheno'),(720,'Theresita','Chaston'),(721,'Omero','Portchmouth'),(722,'Halsy','Whimp'),(723,'Aurea','Kamall'),(724,'Gaston','Cruces'),(725,'Rafaela','Sanderson'),(726,'Barth','Skudder'),(727,'Cathleen','Ruggieri'),(728,'Birdie','Lubbock'),(729,'Alyson','Faill'),(730,'Any','Courson'),(731,'Andriette','Buckmaster'),(732,'Bernardo','Gilli'),(733,'Ashby','Hince'),(734,'Lauree','Baford'),(735,'Omero','Suttill'),(736,'Tanitansy','Freeland'),(737,'Ruddy','Hrynczyk'),(738,'Lizbeth','de Almeida'),(739,'Kesley','Batter'),(740,'Kipper','Grinnov'),(741,'Deny','Lis'),(742,'Desiree','Parrot'),(743,'Valle','Edmand'),(744,'Donetta','Zahor'),(745,'Malory','Orris'),(746,'Falito','Pentercost'),(747,'Laureen','Tantrum'),(748,'Mirelle','Leemans'),(749,'Krishna','Freshwater'),(750,'Burtie','Beynon'),(751,'Elora','Johansen'),(752,'Bathsheba','Watchorn'),(753,'Nancy','Keuneke'),(754,'Gianina','Reeders'),(755,'Charmion','Yarn'),(756,'Simona','Stookes'),(757,'Olin','Romayne'),(758,'Niko','Ready'),(759,'Melisse','Fitzgerald'),(760,'Bobbye','Causey'),(761,'Allianora','Fynan'),(762,'Dal','Face'),(763,'Winslow','Skeemer'),(764,'Ki','Whereat'),(765,'Bernadette','Lindenberg'),(766,'Debora','Hansie'),(767,'Nanci','Mityushin'),(768,'Pall','Kinig'),(769,'Bibbye','Cruft'),(770,'Karleen','Liggons'),(771,'Madelin','Tolefree'),(772,'Brianne','Felten'),(773,'Karie','Dorbon'),(774,'Etan','Quittonden'),(775,'Anthe','Peasee'),(776,'Bondy','Gebby'),(777,'Pepito','Bladesmith'),(778,'Ruddy','Dreus'),(779,'Keir','Marklin'),(780,'Rosene','Nucciotti'),(781,'Julissa','Barttrum'),(782,'Kirbie','Benterman'),(783,'Rosanna','Benoi'),(784,'Allene','Grisewood'),(785,'Mayne','Hainsworth'),(786,'Caryn','Corro'),(787,'Riva','Finker'),(788,'Rowney','Fearey'),(789,'Sherline','Brambill'),(790,'Melisande','Gerrie'),(791,'Sharyl','Matuskiewicz'),(792,'Olympe','Houston'),(793,'Brander','Duetsche'),(794,'Trever','Agglione'),(795,'Ellynn','Seear'),(796,'Hildegaard','Marquand'),(797,'Erie','Bradie'),(798,'Valentijn','Hurcombe'),(799,'Enoch','Klagges'),(800,'Jessi','Patient'),(801,'Windy','Packe'),(802,'Claudell','Henaughan'),(803,'Carri','Lynas'),(804,'Gussy','Giannotti'),(805,'Puff','Cabrales'),(806,'Rosalind','Rivitt'),(807,'Domeniga','Managh'),(808,'Gale','Wisson'),(809,'Austin','Gabits'),(810,'Corena','Stanborough'),(811,'Selina','Tilford'),(812,'Karla','Andrzej'),(813,'Veronike','Sayre'),(814,'Larine','Strutz'),(815,'Giulio','Pomery'),(816,'Inigo','Hurleston'),(817,'Leona','Record'),(818,'Billie','Callander'),(819,'Natty','Clilverd'),(820,'Freddy','Naish'),(821,'Lucie','Skillen'),(822,'Boyd','Lunn'),(823,'Obadias','Calverley'),(824,'Westleigh','Askam'),(825,'Christi','Fardo'),(826,'Ninnetta','Larcier'),(827,'Alexa','Steptowe'),(828,'Locke','Hub'),(829,'Phillida','Fansy'),(830,'Fionnula','Gowanson'),(831,'Clay','Beningfield'),(832,'Meier','Husband'),(833,'Nicola','Hanes'),(834,'Loretta','Gladdis'),(835,'Skippy','Christer'),(836,'Glen','Rowston'),(837,'Clarabelle','Straughan'),(838,'Taddeo','Yerborn'),(839,'Hettie','Durban'),(840,'Elsinore','Pawel'),(841,'Ella','Joselson'),(842,'Marten','Willison'),(843,'Clarine','Choffin'),(844,'Cassandre','Beggi'),(845,'Gipsy','Canadine'),(846,'Lebbie','Corton'),(847,'Gabriele','Arling'),(848,'Derrick','Toupe'),(849,'Davey','O\'Corr'),(850,'Stanwood','Snellman'),(851,'Nahum','Hughman'),(852,'Emmery','Alennikov'),(853,'Ives','Raitt'),(854,'Elsworth','Fraschini'),(855,'Schuyler','Broadist'),(856,'Carolee','Harragin'),(857,'Marlo','Veare'),(858,'Sada','Zecchii'),(859,'Helyn','Merioth'),(860,'Ulysses','Izkovici'),(861,'Hector','Farmiloe'),(862,'Jacki','Franklen'),(863,'Roman','Julien'),(864,'Kaylee','Oppy'),(865,'Carrol','Langrish'),(866,'Berty','Klessmann'),(867,'Bunnie','Pietruszewicz'),(868,'Bob','Treadgall'),(869,'Nelia','Mewes'),(870,'Kalli','Moorerud'),(871,'Philly','Towlson'),(872,'Kristopher','Balshen'),(873,'Bette-ann','Seelbach'),(874,'Umberto','Patillo'),(875,'Alvis','Cavanaugh'),(876,'Hunfredo','Lyst'),(877,'Faustina','Halfhead'),(878,'Pippo','Dax'),(879,'Zenia','Elsby'),(880,'Pavia','Walkey'),(881,'Dara','Tomaszkiewicz'),(882,'Cyb','Ludgrove'),(883,'Honoria','Barkus'),(884,'Gloria','Nuccitelli'),(885,'Pamella','Westby'),(886,'Regina','Doerr'),(887,'Joyce','Glozman'),(888,'Alanson','Dabourne'),(889,'Clem','Peskett'),(890,'Charleen','Forbes'),(891,'Orran','Giacomasso'),(892,'Dita','Kitteman'),(893,'Natka','Mathivet'),(894,'Laney','Dyett'),(895,'Vidovik','Penrith'),(896,'Kanya','Kaasmann'),(897,'Louise','Melbury'),(898,'Anatol','Easbie'),(899,'Major','Streatfeild'),(900,'Allene','Denington'),(901,'Natal','Bisseker'),(902,'Karoly','MacGall'),(903,'Selie','Shipway'),(904,'Charlena','Cunio'),(905,'Florence','Dulake'),(906,'Lena','Treweek'),(907,'Amil','Hanhardt'),(908,'Bryn','Hebard'),(909,'Birch','Spat'),(910,'Clarey','Cottrell'),(911,'Lucian','Draper'),(912,'Josy','Pavelin'),(913,'Elfreda','Boddy'),(914,'Bertie','Davidovich'),(915,'Leisha','Hartshorn'),(916,'Ingaberg','Drysdale'),(917,'Sydney','Pendlenton'),(918,'Kakalina','Maseyk'),(919,'Jake','Bewshire'),(920,'Wilmer','Flury'),(921,'Micky','Rosendorf'),(922,'Marve','McLelland'),(923,'Michale','Pittway'),(924,'Norris','Walshe'),(925,'Jock','Hitchens'),(926,'Lolly','Halley'),(927,'Aurora','Burdett'),(928,'Abeu','Saffran'),(929,'Reggis','Jesteco'),(930,'Gray','Turn'),(931,'Gwen','Ferrero'),(932,'Florina','Mowson'),(933,'Catie','Milberry'),(934,'Gustie','Saer'),(935,'Merell','Tuson'),(936,'Arly','Espley'),(937,'Silvana','Schneidar'),(938,'Ealasaid','Grealy'),(939,'Gauthier','Saunders'),(940,'Guinevere','Busek'),(941,'Oswell','Adhams'),(942,'Lester','Biggar'),(943,'Nikolia','Chastey'),(944,'Merwyn','Mandrier'),(945,'Camile','Cholonin'),(946,'Ibby','Mews'),(947,'Janey','Lethby'),(948,'Bernard','Kenyam'),(949,'Roarke','Dommerque'),(950,'Dalt','Charters'),(951,'Rolland','McGonnell'),(952,'Damian','Ishak'),(953,'Tuckie','Kilduff'),(954,'Sheree','Mattioli'),(955,'Jemima','Wiffill'),(956,'Quinn','Latey'),(957,'Staffard','Tunny'),(958,'Zarah','Hallan'),(959,'Beverley','Anersen'),(960,'Stacy','Wrotchford'),(961,'Flor','Dunstan'),(962,'Conn','Neno'),(963,'Floria','Carpe'),(964,'Magdalene','Bloodworthe'),(965,'Byran','Glaves'),(966,'Sonni','Skep'),(967,'Sheri','Risson'),(968,'Codie','Donizeau'),(969,'Violet','Collecott'),(970,'Abran','Algie'),(971,'Domenico','Mager'),(972,'Giulietta','Pheazey'),(973,'Vinni','Britt'),(974,'Lloyd','Sykes'),(975,'Brit','Caldron'),(976,'Donny','Trapp'),(977,'Diannne','Ramplee'),(978,'Sven','Gavaghan'),(979,'Halley','Clethro'),(980,'Pollyanna','Humerstone'),(981,'Minne','Coniff'),(982,'Gareth','Helix'),(983,'Jasmine','Cranefield'),(984,'Goddard','Gibb'),(985,'Falkner','Diggens'),(986,'Ryan','Kohnert'),(987,'Aura','Tabram'),(988,'Janella','Augie'),(989,'Ediva','Grishagin'),(990,'Carole','Spencley'),(991,'Marilee','Lisciandro'),(992,'Lexine','Biswell'),(993,'Luisa','Lightbowne'),(994,'Berny','Reford'),(995,'Rachel','Yitzovicz'),(996,'Sibyl','Lumbley'),(997,'Bendicty','Vankeev'),(998,'Lissy','Teather'),(999,'Vinson','Tuffs'),(1000,'Wiatt','Laphorn'),(1001,'Carey','Price'),(1002,'Braden','Holtby'),(1003,'Sergei','Bobrovsky'),(1004,'Matt','Murray'),(1005,'Tom','Smith');
/*!40000 ALTER TABLE `player` ENABLE KEYS */;
UNLOCK TABLES;

--
-- Table structure for table `statistics`
--

DROP TABLE IF EXISTS `statistics`;
/*!40101 SET @saved_cs_client     = @@character_set_client */;
/*!40101 SET character_set_client = utf8 */;
CREATE TABLE `statistics` (
  `PlayerID` int(11) DEFAULT NULL,
  `GoalsAgainst` int(11) DEFAULT NULL,
  `GamesPlayed` int(11) DEFAULT NULL,
  `Saves` int(11) DEFAULT NULL,
  `Wins` int(11) DEFAULT NULL,
  KEY `PlayerID` (`PlayerID`),
  CONSTRAINT `statistics_ibfk_1` FOREIGN KEY (`PlayerID`) REFERENCES `player` (`ID`) ON DELETE CASCADE ON UPDATE CASCADE
) ENGINE=InnoDB DEFAULT CHARSET=latin1;
/*!40101 SET character_set_client = @saved_cs_client */;

--
-- Dumping data for table `statistics`
--

LOCK TABLES `statistics` WRITE;
/*!40000 ALTER TABLE `statistics` DISABLE KEYS */;
INSERT INTO `statistics` VALUES (1,610,178,7384,230),(2,829,351,2436,395),(3,627,220,2930,238),(4,1717,370,8714,245),(5,923,30,5645,363),(6,1848,274,1860,285),(7,1198,226,9357,423),(8,307,259,9684,243),(9,352,117,9978,48),(10,493,45,2789,299),(11,1396,300,6299,195),(12,778,354,8972,3),(13,1886,126,7935,423),(14,453,104,2245,115),(15,1454,359,8706,141),(16,213,44,1746,145),(17,1592,52,9513,103),(18,146,69,7784,10),(19,1366,126,7133,282),(20,914,263,3891,6),(21,493,290,2407,333),(22,63,269,2465,40),(23,946,70,2298,109),(24,266,342,8358,450),(25,1226,339,9441,170),(26,1438,203,4376,98),(27,599,323,1375,497),(28,190,388,2850,238),(29,128,301,7498,436),(30,915,158,4884,113),(31,1444,374,2091,400),(32,891,71,147,254),(33,15,102,1128,167),(34,1148,37,9276,40),(35,1439,31,5392,154),(36,1136,18,2782,112),(37,1622,158,2245,412),(38,816,121,5773,433),(39,879,399,5557,315),(40,1930,7,5473,139),(41,781,62,612,430),(42,1854,278,9481,399),(43,273,150,2584,200),(44,1207,276,5011,205),(45,1341,388,2204,7),(46,943,180,2536,26),(47,864,27,9567,160),(48,188,320,5940,119),(49,524,327,1774,300),(50,228,147,6514,498),(51,1619,22,2573,204),(52,565,216,3545,244),(53,711,92,9769,439),(54,784,151,7033,178),(55,608,337,358,170),(56,1207,92,414,350),(57,1299,394,172,242),(58,1168,44,5031,170),(59,1674,19,9162,298),(60,96,318,2135,212),(61,1207,23,5574,109),(62,641,127,9458,357),(63,148,89,5635,401),(64,102,218,8355,322),(65,822,267,9696,475),(66,244,398,40,78),(67,1902,375,6761,49),(68,1424,152,3982,414),(69,57,291,3716,479),(70,391,40,7412,54),(71,1248,148,9094,383),(72,773,217,3774,182),(73,1848,268,6225,411),(74,971,175,9350,333),(75,1442,218,6315,436),(76,1372,97,3718,492),(77,1405,139,4536,23),(78,1800,148,1526,167),(79,1745,75,9134,411),(80,670,105,6608,34),(81,455,171,8471,47),(82,1450,316,4912,376),(83,142,15,8826,295),(84,1073,268,8586,35),(85,466,94,1118,467),(86,1938,38,1298,324),(87,1176,360,1136,454),(88,182,241,9723,203),(89,1444,310,6396,161),(90,739,197,758,3),(91,600,58,7255,47),(92,603,52,8953,221),(93,1139,280,3800,320),(94,748,383,6311,162),(95,1501,248,73,192),(96,189,229,1090,175),(97,1551,28,3561,229),(98,1172,321,6290,245),(99,1444,307,1540,108),(100,340,99,478,371),(101,1272,255,5783,371),(102,318,205,9300,262),(103,1921,40,7951,123),(104,1066,371,2364,23),(105,642,159,5160,448),(106,659,367,5353,36),(107,727,196,2072,132),(108,966,248,3577,384),(109,734,272,8985,454),(110,1158,157,8240,200),(111,1890,124,2655,349),(112,807,314,8639,183),(113,1448,371,88,193),(114,693,298,5849,0),(115,1181,398,6593,300),(116,788,157,8521,183),(117,532,170,7008,297),(118,917,148,7875,396),(119,898,125,5941,487),(120,1394,42,9696,330),(121,297,273,4453,214),(122,1081,340,1135,112),(123,329,265,9736,262),(124,742,61,19,309),(125,1881,205,838,69),(126,1605,262,5316,27),(127,1743,175,1507,215),(128,152,127,4833,483),(129,289,303,414,136),(130,887,205,8869,14),(131,1312,289,2588,341),(132,1772,94,9279,180),(133,7,83,8286,321),(134,1982,270,7584,156),(135,1310,178,8123,148),(136,659,310,4372,42),(137,508,367,7370,10),(138,275,247,7908,254),(139,1851,75,9008,260),(140,15,129,1314,103),(141,69,213,4613,404),(142,401,192,7044,49),(143,35,102,5202,286),(144,795,108,2758,132),(145,408,288,3195,221),(146,1582,373,9017,7),(147,65,333,1304,139),(148,41,230,9902,299),(149,354,57,8492,77),(150,687,91,8032,0),(151,473,254,5009,20),(152,191,101,2201,332),(153,1456,301,8087,207),(154,1231,364,7763,63),(155,96,97,552,93),(156,1606,64,7628,477),(157,1215,61,3471,27),(158,1879,339,6021,187),(159,639,92,7401,384),(160,1347,62,6870,467),(161,199,230,2743,109),(162,917,385,4562,320),(163,1218,101,3522,234),(164,1514,132,1537,148),(165,1678,11,5884,284),(166,1004,10,5611,203),(167,1590,134,4829,205),(168,560,262,6632,278),(169,1444,281,8529,193),(170,1757,77,5392,146),(171,260,6,8908,469),(172,1533,104,7450,415),(173,312,300,5362,245),(174,1137,113,8590,288),(175,1163,3,8018,363),(176,1302,147,4799,261),(177,1732,76,9631,375),(178,453,161,2178,452),(179,1912,20,181,311),(180,1248,175,5036,0),(181,1556,311,3815,440),(182,1621,396,2438,388),(183,200,372,9683,340),(184,1342,342,4957,466),(185,640,4,8600,241),(186,1016,178,3188,194),(187,861,243,2642,123),(188,786,353,5630,142),(189,544,90,1222,41),(190,333,194,8971,446),(191,1694,311,52,338),(192,1665,192,3992,463),(193,1574,151,4529,392),(194,1948,148,9394,223),(195,112,94,2443,63),(196,373,192,500,319),(197,134,37,4995,434),(198,612,289,4122,450),(199,1419,236,6727,371),(200,1202,10,2842,378),(201,1846,322,9159,263),(202,189,397,1242,431),(203,478,183,636,287),(204,233,44,4114,368),(205,411,127,1700,179),(206,641,109,6195,472),(207,1047,72,9925,212),(208,1688,346,5972,105),(209,1337,342,3947,318),(210,635,250,9921,352),(211,463,136,1032,71),(212,1257,117,1755,58),(213,1244,27,5442,12),(214,1753,339,5742,158),(215,1734,220,1103,239),(216,375,97,5966,112),(217,525,210,9965,91),(218,650,27,6134,292),(219,1255,242,2556,405),(220,1094,371,7663,352),(221,1689,171,1955,330),(222,716,251,6087,345),(223,570,250,609,50),(224,294,358,8545,380),(225,1251,278,4086,198),(226,148,25,1592,27),(227,410,181,5719,201),(228,779,32,463,152),(229,41,331,7934,308),(230,1196,203,6128,166),(231,377,195,6303,135),(232,926,326,4507,314),(233,1045,251,1018,357),(234,1967,317,1583,448),(235,1499,333,2044,210),(236,1326,307,4705,104),(237,1008,167,6626,158),(238,694,356,1711,20),(239,870,376,3570,167),(240,1072,127,3901,408),(241,1885,392,7837,255),(242,1508,85,5705,313),(243,263,31,2262,479),(244,1099,17,3284,197),(245,131,266,8448,435),(246,1328,224,5727,4),(247,1312,334,5453,86),(248,1663,326,5502,104),(249,858,275,3912,208),(250,288,332,4455,44),(251,1177,107,9795,306),(252,834,196,106,373),(253,492,26,3175,85),(254,1207,226,1367,218),(255,49,137,4852,435),(256,962,268,6508,5),(257,1304,144,3424,316),(258,1476,377,1029,400),(259,284,53,4700,179),(260,200,161,803,39),(261,1717,345,713,412),(262,580,265,4349,496),(263,1830,108,8544,388),(264,896,285,7440,56),(265,1433,4,2750,95),(266,432,19,5653,57),(267,684,343,4114,399),(268,1731,192,2187,248),(269,277,330,4998,253),(270,1237,14,281,150),(271,1707,233,4755,486),(272,1182,318,6803,91),(273,1724,64,2439,250),(274,579,136,7373,266),(275,1244,167,1658,338),(276,1589,292,1339,412),(277,963,348,1469,376),(278,945,389,6064,323),(279,1215,182,6818,453),(280,258,29,7361,321),(281,441,162,649,65),(282,1897,260,6814,163),(283,64,345,8042,214),(284,1298,28,3574,50),(285,65,343,8988,413),(286,96,197,5262,146),(287,939,182,7707,31),(288,717,47,8255,149),(289,1069,240,8069,340),(290,253,73,7482,496),(291,898,28,3507,417),(292,985,90,4416,450),(293,741,108,9022,171),(294,1341,252,8295,230),(295,544,167,2988,71),(296,446,290,1124,355),(297,342,185,4922,407),(298,724,69,9575,294),(299,1013,201,8226,178),(300,1098,213,8300,397),(301,1220,80,4964,225),(302,817,173,2844,270),(303,1400,302,1167,456),(304,1077,31,6329,170),(305,148,122,6675,495),(306,1410,292,3143,238),(307,190,7,806,33),(308,140,106,6180,259),(309,881,57,946,327),(310,351,17,7272,353),(311,1205,159,2739,382),(312,1955,122,2362,63),(313,896,191,7906,165),(314,1095,137,3625,171),(315,1098,259,2740,120),(316,750,364,2846,29),(317,1451,2,3976,342),(318,672,235,9635,283),(319,343,392,8100,298),(320,705,344,5976,296),(321,297,55,2529,55),(322,1155,124,9981,152),(323,438,115,4780,474),(324,1715,111,5797,371),(325,371,283,7570,202),(326,863,288,6427,61),(327,225,259,8361,13),(328,659,34,4116,153),(329,1045,23,1442,228),(330,215,346,4652,394),(331,1860,137,1043,319),(332,1041,36,988,192),(333,601,4,5477,347),(334,653,118,5556,244),(335,305,277,4546,264),(336,29,338,8231,497),(337,1363,50,4990,396),(338,1901,180,553,111),(339,1245,168,5662,174),(340,1340,261,7846,333),(341,1539,255,8516,156),(342,955,21,7736,391),(343,1789,115,4934,54),(344,556,288,3357,129),(345,1974,76,1086,350),(346,691,68,8045,475),(347,1243,196,1808,346),(348,928,39,880,344),(349,1890,296,8220,99),(350,1884,369,446,198),(351,560,320,3061,50),(352,1663,232,9077,291),(353,51,54,3873,252),(354,468,239,4052,414),(355,859,22,1644,308),(356,1411,359,9003,135),(357,1284,187,6847,345),(358,1533,282,5278,291),(359,1455,352,6856,267),(360,416,64,8630,52),(361,893,194,9397,69),(362,1789,275,9414,181),(363,1451,302,8628,364),(364,1202,3,500,166),(365,905,244,9700,256),(366,844,87,4760,287),(367,855,71,5793,98),(368,762,156,2387,10),(369,919,83,5661,459),(370,1797,70,6057,166),(371,1953,248,9193,451),(372,1363,180,981,204),(373,1701,194,8501,274),(374,1221,216,4539,28),(375,1503,388,4888,476),(376,1591,334,7976,499),(377,568,65,2520,311),(378,54,4,2748,290),(379,1624,162,2693,364),(380,43,396,3712,455),(381,309,9,1773,262),(382,99,227,6837,431),(383,20,49,2170,218),(384,1627,237,36,457),(385,1999,265,4458,470),(386,1496,165,5235,123),(387,1325,209,7941,344),(388,473,164,675,384),(389,1239,391,9567,428),(390,1024,145,9675,97),(391,231,15,1810,460),(392,106,318,1490,456),(393,758,18,986,191),(394,1635,329,8408,206),(395,810,24,730,439),(396,106,71,132,456),(397,1950,358,8421,59),(398,264,145,3731,406),(399,888,61,4312,474),(400,1727,237,5325,345),(401,12,326,8255,196),(402,435,101,9113,167),(403,598,72,3460,4),(404,1508,324,6797,352),(405,839,99,2105,450),(406,302,374,3885,465),(407,1300,210,607,387),(408,1544,234,7713,265),(409,1718,366,441,378),(410,673,30,5205,155),(411,347,14,1903,500),(412,1316,130,4639,356),(413,1696,122,6385,254),(414,769,164,4431,347),(415,1198,104,4943,195),(416,1372,115,7178,147),(417,808,132,7833,66),(418,1863,7,7711,288),(419,1589,61,1233,224),(420,1877,228,930,277),(421,711,292,8234,175),(422,763,296,4943,334),(423,248,78,5296,253),(424,922,350,5580,124),(425,1271,329,6103,267),(426,1621,220,4142,194),(427,88,310,5597,301),(428,783,286,1727,179),(429,439,343,1686,219),(430,583,393,5011,494),(431,1717,35,96,239),(432,890,124,9772,307),(433,1148,252,8200,16),(434,391,298,8031,206),(435,1675,147,5815,195),(436,1607,240,7604,85),(437,1275,5,6476,50),(438,1319,198,3684,282),(439,1037,263,7199,78),(440,1404,382,8269,277),(441,15,279,5637,267),(442,1450,140,1684,29),(443,627,355,5255,337),(444,420,166,8655,254),(445,1313,240,9524,72),(446,541,256,8247,167),(447,831,316,1554,445),(448,81,82,5140,240),(449,788,130,1119,320),(450,36,47,9135,186),(451,1714,38,3940,494),(452,447,138,1368,344),(453,204,170,6146,81),(454,668,47,7652,335),(455,780,7,4522,92),(456,775,163,4264,42),(457,57,283,1798,496),(458,1495,206,6357,488),(459,514,275,8137,52),(460,1697,218,4723,106),(461,240,341,2823,298),(462,1092,98,4907,213),(463,370,304,6126,406),(464,558,250,3781,295),(465,710,386,9465,231),(466,1699,238,7164,295),(467,495,245,1542,434),(468,156,104,5758,447),(469,1064,297,2380,134),(470,1288,32,3954,461),(471,262,276,9534,160),(472,1761,63,7174,201),(473,629,69,4226,274),(474,818,331,3792,73),(475,182,41,8698,274),(476,616,122,5573,474),(477,395,76,2017,482),(478,1770,76,7256,322),(479,618,309,5006,368),(480,1968,311,4368,212),(481,1544,320,5169,261),(482,1918,18,4126,459),(483,1568,337,5883,347),(484,219,293,4120,424),(485,840,312,6714,395),(486,302,256,2617,336),(487,260,363,5789,275),(488,1510,322,6920,160),(489,1136,314,588,99),(490,1278,3,1533,401),(491,1989,20,7025,383),(492,1912,44,8740,19),(493,1340,385,6741,137),(494,234,251,7207,457),(495,1250,98,2688,189),(496,1862,400,4762,386),(497,15,141,4936,289),(498,922,383,8984,22),(499,168,120,3300,260),(500,1699,204,2148,239),(501,878,211,7461,5),(502,853,127,7398,154),(503,1777,25,7874,241),(504,356,303,3827,84),(505,878,105,2555,282),(506,1068,240,1145,373),(507,120,269,4160,96),(508,306,249,5855,103),(509,60,400,1842,91),(510,445,38,9243,409),(511,1015,327,7954,233),(512,307,67,4711,207),(513,858,192,6871,468),(514,1969,102,6946,270),(515,1052,368,3603,69),(516,1334,26,2976,131),(517,1440,68,1184,187),(518,1114,291,1811,456),(519,1788,70,7258,280),(520,724,158,1939,399),(521,553,250,2105,199),(522,873,343,6776,250),(523,1416,64,7407,431),(524,1252,352,6036,425),(525,1548,71,4881,385),(526,1851,258,128,52),(527,1643,322,4211,381),(528,1842,188,131,177),(529,1722,340,7944,338),(530,1546,123,6826,462),(531,1193,307,163,224),(532,1619,243,4676,50),(533,508,372,8235,392),(534,1615,207,2417,260),(535,888,131,1645,328),(536,1467,49,2460,430),(537,287,104,1200,44),(538,11,74,1662,310),(539,1964,191,8903,377),(540,574,249,7792,479),(541,544,234,4973,97),(542,568,400,6753,430),(543,1330,83,3210,265),(544,1217,9,2482,156),(545,607,309,7590,86),(546,952,203,8015,60),(547,1735,366,1519,464),(548,1518,156,3499,156),(549,1563,94,2066,110),(550,564,267,8339,167),(551,1444,313,5565,334),(552,1095,145,5531,173),(553,1513,254,1602,230),(554,52,126,5614,49),(555,926,291,5709,356),(556,1073,333,1915,373),(557,21,158,3282,402),(558,469,285,5515,41),(559,428,125,8994,72),(560,474,249,3580,83),(561,1266,384,4854,256),(562,905,32,1524,411),(563,181,348,359,3),(564,60,59,6488,275),(565,229,377,5120,3),(566,1161,371,4957,239),(567,402,195,1448,7),(568,1518,30,3685,346),(569,285,66,3330,403),(570,1347,121,8762,487),(571,1744,72,3823,389),(572,1010,323,3573,73),(573,1896,91,2212,385),(574,1955,348,9989,368),(575,783,259,7331,310),(576,462,250,8903,111),(577,871,305,8475,16),(578,1226,164,8447,415),(579,260,94,574,390),(580,1199,155,9692,181),(581,1180,250,3892,383),(582,1291,387,2569,140),(583,387,387,2459,232),(584,705,106,6310,478),(585,915,35,8916,126),(586,1068,32,9917,100),(587,851,299,7223,263),(588,231,267,7544,491),(589,197,394,1673,341),(590,393,267,7307,256),(591,1966,279,9759,219),(592,1033,67,1019,451),(593,52,342,7721,230),(594,1929,177,7350,353),(595,1527,270,1063,372),(596,1796,34,5217,297),(597,890,24,2452,352),(598,1818,5,2784,127),(599,1756,362,9661,416),(600,1078,197,313,281),(601,1606,324,2515,62),(602,313,135,2708,365),(603,1561,140,8050,120),(604,1502,75,3015,95),(605,107,335,9225,117),(606,1848,54,7914,427),(607,272,125,1585,81),(608,1122,309,9821,160),(609,555,176,5611,11),(610,1914,21,7094,193),(611,1087,116,722,16),(612,1337,330,2372,61),(613,1888,23,4700,40),(614,718,63,5757,207),(615,1960,251,9818,443),(616,647,131,464,343),(617,1690,170,5090,232),(618,1359,52,1441,415),(619,1839,322,5176,357),(620,673,275,6668,149),(621,526,328,1020,72),(622,940,235,607,204),(623,838,87,7236,85),(624,1927,230,3081,181),(625,66,330,2678,35),(626,803,375,45,205),(627,822,138,7379,346),(628,445,167,4813,318),(629,1773,220,5589,258),(630,1758,228,215,279),(631,695,300,1234,109),(632,1606,393,8393,311),(633,1925,103,400,478),(634,964,155,8365,262),(635,1374,174,851,251),(636,723,53,4646,473),(637,70,59,3644,280),(638,1036,321,4780,207),(639,417,20,7088,377),(640,796,215,8300,183),(641,780,212,2000,382),(642,423,230,2031,89),(643,369,77,9410,77),(644,808,156,117,389),(645,578,281,419,52),(646,160,204,6017,421),(647,333,290,6135,263),(648,1172,254,7684,289),(649,349,49,8422,381),(650,387,284,2166,397),(651,1213,108,9487,131),(652,799,12,7662,175),(653,219,180,6766,445),(654,1441,368,4146,104),(655,1180,16,5050,33),(656,1029,146,701,235),(657,813,248,8933,355),(658,1871,378,4243,131),(659,1389,393,3453,459),(660,1164,258,1473,439),(661,608,22,2584,500),(662,674,35,6291,9),(663,181,234,3343,195),(664,1184,77,8850,91),(665,227,229,2975,340),(666,479,74,9273,139),(667,924,238,6216,341),(668,567,231,2024,398),(669,1487,340,2768,36),(670,1775,246,6494,284),(671,358,384,2561,439),(672,1535,72,12,264),(673,90,351,667,2),(674,622,224,2064,293),(675,1774,178,3361,368),(676,1470,19,8145,179),(677,1239,357,7806,23),(678,1294,279,7369,346),(679,1285,96,9690,157),(680,782,40,5302,464),(681,321,258,7633,110),(682,175,93,7436,99),(683,625,272,2068,340),(684,1783,357,4737,315),(685,1519,65,9050,0),(686,901,396,8035,46),(687,1194,360,7979,265),(688,1355,45,9416,233),(689,697,363,7997,41),(690,1903,257,6874,11),(691,913,59,6136,309),(692,1060,241,8518,148),(693,1341,309,1952,283),(694,463,27,5413,500),(695,1180,192,3795,364),(696,1121,235,8793,59),(697,1032,242,6958,37),(698,1926,156,7748,286),(699,890,68,3232,166),(700,1657,91,3636,360),(701,595,100,9542,307),(702,1537,275,9484,338),(703,1554,170,5531,391),(704,1851,156,7083,237),(705,1525,32,6078,267),(706,1270,274,2383,152),(707,128,213,5653,384),(708,217,291,6477,418),(709,502,269,9845,87),(710,229,67,410,303),(711,326,150,9580,481),(712,1298,393,1663,308),(713,1340,54,9368,452),(714,1845,364,4055,266),(715,1451,370,9341,450),(716,210,318,8561,173),(717,264,329,8353,86),(718,1111,127,2875,83),(719,1659,25,9613,226),(720,1202,133,8171,283),(721,1294,317,7579,36),(722,13,226,5625,346),(723,933,338,2467,454),(724,421,84,5886,263),(725,948,157,2805,12),(726,1870,360,8677,332),(727,519,4,4421,480),(728,1208,397,5316,385),(729,685,266,9690,397),(730,1930,101,9177,259),(731,293,302,7083,443),(732,462,120,4422,333),(733,1223,175,9639,17),(734,1002,148,5664,188),(735,1671,377,2969,182),(736,1612,173,1623,327),(737,1525,30,1555,419),(738,419,303,6365,105),(739,674,365,9854,310),(740,668,342,9965,333),(741,1864,324,2976,333),(742,374,267,7142,173),(743,678,16,6056,212),(744,1117,51,837,74),(745,555,222,8029,187),(746,932,177,7139,362),(747,1319,178,8099,145),(748,333,141,360,288),(749,1768,95,2600,371),(750,1972,324,6774,460),(751,406,71,3232,478),(752,1177,383,5943,385),(753,471,147,9225,112),(754,409,220,6816,407),(755,1212,81,7263,370),(756,1270,292,6622,304),(757,569,13,2549,464),(758,1789,186,5225,300),(759,1613,319,4282,94),(760,1868,224,4866,57),(761,196,63,4956,446),(762,1603,346,9665,473),(763,945,356,3889,285),(764,979,291,5592,327),(765,791,119,1138,271),(766,322,363,7196,32),(767,1375,119,2729,334),(768,656,243,5196,385),(769,1755,221,7186,4),(770,1385,355,5364,33),(771,1828,388,3277,253),(772,153,276,826,116),(773,445,177,266,226),(774,505,81,1637,215),(775,575,262,3579,340),(776,359,128,6100,107),(777,1324,376,4592,221),(778,1245,332,1896,360),(779,1149,340,666,403),(780,1772,196,586,170),(781,1720,64,9526,291),(782,1266,251,6041,182),(783,70,61,8049,2),(784,586,189,3467,290),(785,1488,28,8088,145),(786,952,149,7045,417),(787,714,136,1455,464),(788,407,190,8271,403),(789,470,348,6394,380),(790,195,59,5781,261),(791,622,72,8782,470),(792,1871,209,8788,481),(793,128,45,4036,162),(794,1334,42,7869,292),(795,1475,113,7867,477),(796,1564,132,6757,260),(797,392,111,7549,22),(798,12,205,6270,198),(799,1470,53,5321,387),(800,1261,388,9688,33),(801,1452,336,6299,60),(802,1177,400,4896,155),(803,343,111,7489,38),(804,1669,337,8061,255),(805,949,84,2266,241),(806,1910,159,4694,318),(807,1691,256,1799,210),(808,731,95,5180,423),(809,194,333,4382,178),(810,542,305,69,219),(811,884,233,5882,453),(812,1701,184,9890,213),(813,714,343,6884,339),(814,1723,127,5663,284),(815,51,303,2816,109),(816,1536,289,9870,140),(817,99,315,8058,456),(818,877,364,7429,248),(819,1079,5,9482,369),(820,739,127,9889,419),(821,1685,237,9205,316),(822,1621,8,4293,246),(823,1006,148,8442,81),(824,482,231,3457,28),(825,599,6,4147,24),(826,1577,351,7120,269),(827,299,181,9644,447),(828,1762,332,4437,218),(829,1379,244,7867,132),(830,1961,363,2668,219),(831,602,364,7518,491),(832,696,390,9083,242),(833,1852,304,728,376),(834,829,370,716,305),(835,1019,139,5070,104),(836,1223,64,7266,251),(837,1553,82,8975,134),(838,1582,142,2503,275),(839,1063,326,1359,148),(840,1898,212,5471,350),(841,1851,82,5330,304),(842,647,22,6406,157),(843,1735,145,3852,52),(844,1987,47,7981,145),(845,1322,65,2026,500),(846,1054,282,9347,491),(847,1237,296,4502,327),(848,228,27,653,253),(849,1540,396,162,280),(850,44,19,7009,425),(851,959,297,4259,367),(852,886,377,6324,357),(853,167,3,8882,490),(854,959,288,2965,199),(855,1718,42,71,107),(856,1390,301,5785,275),(857,1824,60,5371,407),(858,1455,232,7133,426),(859,820,144,3254,359),(860,130,322,4248,458),(861,648,122,8920,384),(862,417,61,7081,211),(863,294,358,1697,248),(864,949,4,6250,423),(865,1680,298,1283,249),(866,116,307,8604,413),(867,1811,259,6304,268),(868,487,51,2153,232),(869,1913,332,7611,8),(870,1659,364,1732,236),(871,1933,372,6693,352),(872,1312,198,5911,207),(873,474,39,2566,312),(874,1613,327,8299,394),(875,67,265,7881,364),(876,1901,361,2783,15),(877,1650,225,2462,479),(878,723,163,9336,384),(879,97,56,9024,160),(880,970,256,8184,212),(881,1310,178,9408,131),(882,988,49,9751,200),(883,1062,130,509,364),(884,578,230,420,60),(885,1979,270,6028,204),(886,916,92,3657,110),(887,1437,274,9636,442),(888,1544,232,7563,18),(889,1323,290,5825,73),(890,353,266,6182,133),(891,1239,244,8046,40),(892,531,90,7303,160),(893,431,194,842,14),(894,820,131,7766,475),(895,1220,152,6467,20),(896,520,131,7678,48),(897,179,76,5589,470),(898,958,311,4499,369),(899,719,227,2597,432),(900,991,98,8302,252),(901,1926,347,6785,268),(902,877,131,9217,294),(903,1703,268,5468,457),(904,1416,315,2043,468),(905,1788,117,5582,263),(906,881,302,566,74),(907,341,196,9069,255),(908,1316,261,9900,436),(909,261,48,6197,242),(910,431,205,9760,320),(911,179,202,7253,464),(912,587,382,7676,167),(913,1933,137,204,430),(914,1243,239,1690,441),(915,1818,223,8141,500),(916,1821,278,9618,415),(917,369,389,7624,6),(918,98,352,9091,294),(919,385,146,3650,0),(920,726,38,8283,109),(921,844,42,3252,275),(922,34,7,40,491),(923,713,281,4278,423),(924,1059,243,7292,393),(925,136,179,4074,362),(926,215,341,3075,319),(927,922,116,5670,157),(928,386,371,4339,275),(929,20,177,2585,210),(930,1415,28,2730,439),(931,1168,277,6837,351),(932,65,13,8279,177),(933,1675,37,4252,148),(934,1863,202,338,427),(935,1633,224,8918,306),(936,737,196,4099,1),(937,1357,126,5031,496),(938,1255,236,3488,104),(939,395,77,9812,274),(940,572,163,7356,104),(941,1868,201,9706,105),(942,1900,260,3997,297),(943,266,332,3187,121),(944,443,51,7720,234),(945,146,259,742,58),(946,1630,219,1661,313),(947,992,96,1957,444),(948,459,347,3010,112),(949,1535,318,6710,162),(950,35,59,6974,146),(951,419,93,520,307),(952,1206,62,4972,48),(953,1720,235,353,116),(954,34,289,1577,44),(955,1675,167,7324,17),(956,918,111,2951,183),(957,1382,101,817,17),(958,33,222,9474,212),(959,418,62,980,95),(960,1211,39,7126,117),(961,1419,376,6893,240),(962,35,159,3659,189),(963,1978,205,309,103),(964,54,175,9009,145),(965,148,314,1215,441),(966,1060,341,4524,292),(967,558,140,3216,377),(968,1054,165,996,124),(969,1756,6,4350,434),(970,946,107,6875,293),(971,624,21,3785,440),(972,392,196,5039,244),(973,611,32,6760,212),(974,453,178,1326,158),(975,1034,220,3667,280),(976,1784,190,9779,68),(977,1161,131,1434,377),(978,872,121,1595,201),(979,734,116,9219,31),(980,1681,189,6347,116),(981,1819,346,9028,391),(982,1612,171,6149,232),(983,887,149,1912,103),(984,1765,346,1369,497),(985,58,157,953,371),(986,1968,339,667,460),(987,802,1,9781,46),(988,996,41,2417,386),(989,1853,220,4122,424),(990,1061,310,579,242),(991,1484,23,9211,385),(992,842,193,2867,9),(993,1032,353,9893,72),(994,1209,80,9263,276),(995,1169,344,7958,85),(996,1011,296,4226,74),(997,650,296,4697,66),(998,568,277,803,391),(999,84,27,2642,51),(1000,1057,88,9298,377);
/*!40000 ALTER TABLE `statistics` ENABLE KEYS */;
UNLOCK TABLES;

--
-- Table structure for table `team`
--

DROP TABLE IF EXISTS `team`;
/*!40101 SET @saved_cs_client     = @@character_set_client */;
/*!40101 SET character_set_client = utf8 */;
CREATE TABLE `team` (
  `TeamName` varchar(35) NOT NULL,
  `Location` varchar(35) DEFAULT NULL,
  PRIMARY KEY (`TeamName`)
) ENGINE=InnoDB DEFAULT CHARSET=latin1;
/*!40101 SET character_set_client = @saved_cs_client */;

--
-- Dumping data for table `team`
--

LOCK TABLES `team` WRITE;
/*!40000 ALTER TABLE `team` DISABLE KEYS */;
INSERT INTO `team` VALUES ('Avalanche','Colorado'),('Blackhawks','Chicago'),('Blue Jackets','Columbus'),('Blues','St. Louis'),('Bruins','Boston'),('Canadiens','Montreal'),('Canucks','Vancouver'),('Capitals','Washington'),('Coyotes','Arizona'),('Devils','New Jersey'),('Ducks','Anaheim'),('Flames','Calgary'),('Flyers','Philadelphia'),('Golden Nights','Las Vegas'),('Hurricanes','Carolina'),('Islanders','New York'),('Jets','Winnipeg'),('Kings','Las Angeles'),('Lightning','Tampa Bay'),('Maple Leafs','Toronto'),('Oilers','Edmonton'),('Panthers','Florida'),('Penguins','Pittsburgh'),('Predators','Nashville'),('Rangers','New York'),('Red Wings','Detroit'),('Sabres','Buffalo'),('Senators','Ottawa'),('Sharks','San Jose'),('Stars','Dallas'),('View','New York'),('Wild','Minnesota');
/*!40000 ALTER TABLE `team` ENABLE KEYS */;
UNLOCK TABLES;

--
-- Temporary view structure for view `teamsfromnewyork`
--

DROP TABLE IF EXISTS `teamsfromnewyork`;
/*!50001 DROP VIEW IF EXISTS `teamsfromnewyork`*/;
SET @saved_cs_client     = @@character_set_client;
SET character_set_client = utf8;
/*!50001 CREATE VIEW `teamsfromnewyork` AS SELECT 
 1 AS `TeamName`,
 1 AS `Location`*/;
SET character_set_client = @saved_cs_client;

--
-- Final view structure for view `highwingoalies`
--

/*!50001 DROP VIEW IF EXISTS `highwingoalies`*/;
/*!50001 SET @saved_cs_client          = @@character_set_client */;
/*!50001 SET @saved_cs_results         = @@character_set_results */;
/*!50001 SET @saved_col_connection     = @@collation_connection */;
/*!50001 SET character_set_client      = utf8 */;
/*!50001 SET character_set_results     = utf8 */;
/*!50001 SET collation_connection      = utf8_general_ci */;
/*!50001 CREATE ALGORITHM=UNDEFINED */
/*!50013 DEFINER=`mydb27`@`%` SQL SECURITY DEFINER */
/*!50001 VIEW `highwingoalies` AS select `p`.`FirstName` AS `FirstName`,`p`.`LastName` AS `LastName`,`s`.`Wins` AS `Wins` from (`player` `p` join `statistics` `s` on((`s`.`PlayerID` = `p`.`ID`))) where (`s`.`Wins` > 450) */;
/*!50001 SET character_set_client      = @saved_cs_client */;
/*!50001 SET character_set_results     = @saved_cs_results */;
/*!50001 SET collation_connection      = @saved_col_connection */;

--
-- Final view structure for view `teamsfromnewyork`
--

/*!50001 DROP VIEW IF EXISTS `teamsfromnewyork`*/;
/*!50001 SET @saved_cs_client          = @@character_set_client */;
/*!50001 SET @saved_cs_results         = @@character_set_results */;
/*!50001 SET @saved_col_connection     = @@collation_connection */;
/*!50001 SET character_set_client      = utf8 */;
/*!50001 SET character_set_results     = utf8 */;
/*!50001 SET collation_connection      = utf8_general_ci */;
/*!50001 CREATE ALGORITHM=UNDEFINED */
/*!50013 DEFINER=`mydb27`@`%` SQL SECURITY DEFINER */
/*!50001 VIEW `teamsfromnewyork` AS select `team`.`TeamName` AS `TeamName`,`team`.`Location` AS `Location` from `team` where (`team`.`Location` = 'New York') */;
/*!50001 SET character_set_client      = @saved_cs_client */;
/*!50001 SET character_set_results     = @saved_cs_results */;
/*!50001 SET collation_connection      = @saved_col_connection */;
/*!40103 SET TIME_ZONE=@OLD_TIME_ZONE */;

/*!40101 SET SQL_MODE=@OLD_SQL_MODE */;
/*!40014 SET FOREIGN_KEY_CHECKS=@OLD_FOREIGN_KEY_CHECKS */;
/*!40014 SET UNIQUE_CHECKS=@OLD_UNIQUE_CHECKS */;
/*!40101 SET CHARACTER_SET_CLIENT=@OLD_CHARACTER_SET_CLIENT */;
/*!40101 SET CHARACTER_SET_RESULTS=@OLD_CHARACTER_SET_RESULTS */;
/*!40101 SET COLLATION_CONNECTION=@OLD_COLLATION_CONNECTION */;
/*!40111 SET SQL_NOTES=@OLD_SQL_NOTES */;

-- Dump completed on 2019-05-05 12:36:58
